270.8883,270.5358,269.1682,266.829,266.4594,266.2412,266.2539,266.2539,266.2539,259.2185,264.3342,266.5087,266.5087,264.6571,258.1672,263.7041,263.7041,265.455,263.2577,265.8934,267.89,267.9282,266.4864,266.4864,266.637,267.43,265.9507,264.5299,264.1542,267.3836,267.3836,268.201,265.8139,261.9102,266.9268,266.9536,263.1742,263.1742,266.9553,267.0276,262.4899,266.2035,270.3956,269.2028,269.2028,266.6046,266.949,267.8513,262.2564,267.3733,269.3705,269.3705,269.091,269.7192,265.634,268.9815,269.7157,269.7157,273.8172,274.593,272.986,273.1431,274.8172,273.113
265.4331,268.049,267.3194,268.5202,266.034,264.3679,264.1568,264.1568,264.1568,263.2823,261.2188,265.04,265.04,263.9478,262.5468,259.5849,259.5849,263.1534,263.2378,264.9791,263.8341,265.7114,264.7031,264.7031,266.637,265.5735,264.3113,265.0625,263.9973,264.311,264.311,266.0924,265.3431,264.4023,263.166,266.6915,263.874,263.874,268.1153,265.3973,263.2175,266.5507,266.8547,268.7554,268.7554,266.5017,266.6157,264.7253,262.5606,266.493,268.9275,268.9275,267.195,266.741,267.3411,270.0121,271.5276,271.5276,270.6388,272.9336,272.4643,275.1659,274.0215,271.9724
268.1927,265.8483,268.4637,268.7114,267.7226,265.9706,265.7383,265.7383,265.7383,264.4683,263.7492,263.2735,263.2735,263.8643,263.8768,261.6426,261.6426,264.2393,262.0897,262.8303,265.2055,263.5769,266.7876,266.7876,266.637,266.1703,265.8263,266.3453,264.3469,263.7336,263.7336,267.1343,265.2482,262.8831,262.6887,266.1988,266.9193,266.9193,265.3611,265.8981,266.5657,264.0357,265.981,267.9078,267.9078,266.1015,266.0999,264.2767,264.7595,263.9756,268.5284,268.5284,269.2097,268.9821,270.0787,268.4944,270.239,270.239,269.3958,270.3616,272.4175,272.6778,272.688,271.7364
266.6964,266.8108,268.4734,267.8186,266.5161,265.8077,263.8232,263.8232,263.8232,263.2509,261.7613,266.0597,266.0597,265.2911,261.791,261.1085,261.1085,261.791,264.3404,265.2511,266.8871,265.588,264.1378,264.1378,266.2467,267.024,265.6837,264.6441,264.6441,265.1883,265.1883,265.5701,264.9071,262.0063,264.8409,266.9082,266.2025,266.2025,267.4378,265.6815,267.6394,266.8709,264.1855,266.2817,266.2817,266.4854,266.1282,267.5664,265.269,266.1674,269.5998,269.5998,270.6636,272.1295,270.8943,268.1997,271.8128,271.8128,269.5396,270.132,273.8291,271.316,273.6081,270.9692
266.5377,266.6699,268.9151,266.1067,264.642,265.7552,264.2216,264.2216,265.2811,263.2708,264.9173,265.852,265.852,264.8553,264.8553,262.4735,262.4735,264.2314,264.2314,265.3607,265.3607,265.3607,264.3637,264.3637,266.1476,265.6321,263.3343,265.7151,265.7151,265.5266,265.5266,264.7051,264.7051,264.7851,263.599,267.1422,267.7688,267.7688,266.7127,266.7127,266.6124,266.0891,267.584,267.4025,267.4025,267.584,267.584,266.6268,266.5083,265.0139,265.3393,266.2815,268.4257,269.2441,269.4418,269.3213,269.5693,269.5693,269.5744,271.6081,272.2381,271.8909,271.8909,272.2061
266.4589,265.0739,266.6432,267.7764,265.9622,264.7624,266.8358,266.8358,263.7853,266.7322,265.6678,265.7523,265.7523,264.8553,264.8553,265.9893,265.9893,265.9162,263.5642,266.9007,265.3607,265.3607,266.0321,266.0321,265.8874,263.874,265.3693,265.7151,265.7151,264.2035,264.2035,264.7051,264.7051,263.3387,265.338,265.7392,265.0093,265.0093,266.7127,266.7127,266.4168,267.4841,264.9112,267.7655,267.7655,268.6667,266.8798,268.3027,266.0955,266.5613,266.582,267.244,267.244,267.0559,269.7501,268.9802,269.5484,269.5484,269.4867,271.6406,271.5436,270.1282,271.7022,271.1107
266.2633,266.2216,265.8721,266.4859,266.4859,266.1048,267.339,267.339,265.7762,265.7751,263.9983,263.8586,263.8586,263.5325,263.2283,266.6679,266.6679,264.3684,264.1321,265.831,265.3621,265.3621,266.3576,266.3576,267.0368,264.3738,265.9895,265.7151,265.7151,263.8836,263.8836,265.7179,264.7051,263.7254,265.3588,263.5389,265.6566,265.6566,266.7127,266.8856,266.1977,265.7791,266.5989,265.9052,265.9052,268.3015,268.3849,266.748,266.2882,268.274,268.5431,267.244,267.244,269.2078,266.589,267.3422,269.7092,269.7092,270.4776,271.5219,269.7997,269.2608,271.9463,273.6349
266.2633,266.2216,265.8721,266.4859,266.4859,266.1048,267.339,267.339,265.7762,265.7751,263.9983,263.8586,263.8586,263.311,263.5567,265.5942,265.5942,265.9162,265.8177,267.0397,266.0193,265.3621,267.5114,267.5114,265.9975,266.0959,267.1851,264.3412,265.8399,265.9037,265.9037,266.5179,266.5179,266.5179,263.7999,263.5255,263.8914,263.8914,267.0304,268.5345,268.258,268.0386,266.0261,266.0974,266.0974,265.8771,266.6022,268.4881,268.3616,266.9164,269.6424,267.244,267.244,268.3695,266.7148,268.7127,269.7935,269.7935,272.1426,272.2797,269.1735,269.7678,272.0044,273.7449
268.543,266.6315,264.1841,265.8721,266.4859,265.7346,264.1529,264.1529,266.532,264.4575,264.561,264.8693,264.8693,265.394,263.4501,263.807,263.807,265.9613,264.4603,264.2661,266.0193,265.3621,266.1751,266.1751,264.2856,266.1142,266.1019,264.5365,266.1592,265.0625,265.0625,266.5179,266.5179,266.5179,264.8094,263.6723,265.5893,265.5893,267.0304,268.3211,268.5869,266.527,268.9706,268.2643,268.2643,266.6554,266.8589,268.6891,268.7934,268.7112,267.1955,267.244,267.244,267.244,269.2812,268.7536,269.6653,269.6653,270.0414,269.2977,271.3248,269.9458,270.0529,270.2165
269.1691,266.6315,266.6315,264.1841,265.7951,264.304,264.3876,264.3876,264.6271,267.2446,266.1783,267.3505,267.3505,265.6762,263.454,265.4171,265.4171,266.9524,266.076,265.9278,266.1109,266.2289,264.6134,264.6134,264.8876,266.2148,266.1127,267.4142,266.1362,265.3295,265.3295,267.0739,264.8242,265.9619,264.1045,265.6888,265.9784,265.9784,265.3123,268.0824,266.8823,266.6455,266.9303,268.8542,268.8542,268.5266,266.8054,269.1141,266.8768,268.7578,269.7934,267.58,268.6522,266.9078,266.7693,266.7245,269.3721,269.3721,268.1934,269.6479,271.4962,269.9458,270.0529,270.2165
269.1691,266.6315,266.6315,264.1841,265.7951,264.304,264.3876,264.3876,264.6271,267.2446,266.1783,267.3505,267.3505,265.6762,263.454,265.4171,265.4171,266.9524,266.076,265.9278,266.1109,266.2289,264.6134,264.6134,264.8876,266.2148,266.1127,267.4142,266.1362,265.3295,265.3295,267.0739,264.8242,265.9619,264.1045,265.6888,265.9784,265.9784,265.3123,268.0824,266.8823,266.6455,266.9303,268.8542,268.8542,268.5266,266.8054,269.1141,266.8768,268.7578,269.7934,267.58,268.6522,266.9078,266.7693,266.7245,269.3721,269.3721,268.1934,269.6479,271.4962,269.9458,270.0529,269.5092
266.7998,266.0129,267.4199,266.2631,265.9464,264.0292,264.472,264.472,265.9543,265.791,264.379,266.0685,266.0685,265.9364,264.0213,264.0839,264.0839,264.5972,264.7094,264.5277,264.6404,266.2723,266.0034,266.0034,266.0773,265.0823,265.133,267.2732,267.2369,267.1876,267.1876,266.0686,264.4055,264.1621,263.9973,265.7274,266.0177,266.0177,265.3304,265.0493,266.4714,267.6409,267.6484,265.6063,265.6063,267.8298,266.3915,266.4043,266.4904,268.5615,268.7478,267.2006,267.2979,268.8763,268.8656,267.6948,267.4585,267.4585,269.7589,269.7589,268.7982,269.3082,269.6085,271.4256
266.5848,266.5137,268.379,267.7589,264.609,265.8271,263.9474,263.9474,265.8441,264.1366,265.8367,264.5355,264.5355,266.7884,265.437,265.8269,265.8269,264.7514,266.6677,264.5636,266.1707,267.9259,266.4269,266.4269,266.0999,264.6245,267.2906,265.1638,264.9972,264.7429,264.7429,264.9632,264.5508,265.8332,264.1735,264.2661,264.5921,264.5921,265.0407,265.1802,265.5499,265.1875,265.4802,267.8181,267.8181,267.8298,268.506,268.4911,268.5509,266.8207,267.1237,268.856,267.7699,268.0222,267.4842,267.456,270.1457,270.1457,269.7589,269.7589,270.4142,270.9446,269.3099,271.6315
266.3607,267.8143,266.3357,265.9352,265.6834,265.6909,265.6333,265.6333,266.6544,264.1524,265.7776,264.9378,264.9378,265.48,263.3647,265.4666,265.4666,265.6675,265.6675,266.0096,266.341,266.2708,267.6077,267.6077,264.797,266.0899,266.4367,266.055,264.4678,264.6037,264.6037,264.5143,265.8841,264.3753,264.1589,264.4467,266.7916,266.7916,264.6689,265.2513,265.416,267.4738,267.8887,266.8971,266.8971,266.2184,266.2184,266.2184,268.6332,268.7454,267.2245,269.9623,270.3358,270.1371,269.1406,269.0747,269.0217,269.0217,267.7343,270.2325,268.7615,268.9733,269.6268,270.3456
264.2058,265.9336,265.5865,263.5749,263.5536,263.5846,263.7501,263.7501,264.4798,266.7781,266.1417,264.0053,264.0053,265.6191,264.2524,265.5082,265.5082,266.2932,266.1632,266.4094,266.0642,264.5046,265.9442,265.9442,265.1119,264.8788,266.2764,266.384,265.669,266.2233,266.2233,265.9069,264.2133,265.9265,266.1145,266.1268,264.7451,264.7451,266.2299,266.3596,266.2783,265.846,267.807,268.2365,268.2365,266.2184,266.2184,266.2184,266.9293,268.5753,267.0427,268.62,268.7307,267.3987,269.0156,269.1078,267.4246,267.4246,269.0314,269.4598,270.8254,271.0763,271.2536,271.5769
266.0797,265.5382,263.5557,263.4279,263.5125,265.4013,263.9191,263.9191,264.2448,266.0793,266.0793,265.8916,265.8916,264.9745,267.2958,266.2395,266.2395,266.1404,267.5561,267.762,266.1699,265.9567,264.4302,264.4302,266.2849,267.4568,267.4911,267.6754,265.669,266.1339,266.1339,264.7077,265.9142,266.1416,265.0656,267.234,264.5396,264.5396,266.1646,266.2349,265.1844,264.867,266.1803,265.5226,265.5226,266.2184,266.2184,266.2184,266.5456,268.3565,266.4196,266.7108,266.5637,267.0351,268.9852,267.7229,269.0818,269.0818,269.1066,270.6008,268.6276,270.9094,269.1301,269.5851
266.0034,263.6545,263.5857,265.3779,265.5438,263.7465,263.6845,263.6845,264.0735,265.7675,264.2896,266.267,266.267,266.2852,267.738,265.1062,265.1062,264.4259,264.9509,266.1581,264.5595,266.058,266.0608,266.0608,266.3001,265.515,265.1388,265.0504,267.459,266.2875,266.2875,267.6155,266.2358,264.503,264.9051,266.3356,265.9941,265.9941,266.0857,264.905,265.5688,265.9728,264.2398,265.5398,265.5398,269.7705,269.703,269.2525,266.6835,266.5206,266.8245,268.5743,268.5847,267.2267,269.0731,267.9273,267.7993,267.7993,267.5094,269.0017,270.2189,269.1925,269.46,269.963
266.0034,263.6545,263.5857,265.3779,265.5438,263.7465,263.6845,263.6845,264.0735,265.7675,264.2896,266.267,266.267,266.2852,267.738,265.1062,265.1062,264.4259,264.9509,266.1581,264.5595,266.058,266.0608,266.0608,266.3001,265.515,265.1388,265.0504,267.459,266.2875,266.2875,267.6155,266.2358,264.503,264.9051,266.3356,265.9941,265.9941,266.0857,264.905,265.5688,265.9728,264.2398,265.5398,265.5398,269.7705,269.703,269.2525,266.6835,266.5206,266.8245,268.5743,268.5847,267.2267,269.0731,267.9273,267.7993,267.7993,267.5094,269.0017,270.2189,269.1925,269.46,269.963
263.8208,264.679,262.1717,263.9532,266.5688,264.1949,263.9344,263.9344,263.8422,265.8047,265.9226,265.8672,265.8672,266.2613,267.4092,264.9921,264.9921,266.2575,266.0548,265.3477,264.8071,266.1603,266.2355,266.2355,267.6259,265.0871,264.7064,265.1201,264.6013,266.0741,266.0741,266.2617,264.3636,266.1812,267.4628,265.2655,266.1689,266.1689,265.7814,265.7814,266.0263,265.8853,265.3221,266.2867,266.2867,267.6214,267.6214,268.0385,268.0385,268.0385,268.0385,267.477,267.2345,267.513,267.513,267.513,268.7302,268.7302,268.351,268.351,268.351,268.351,269.3262,270.1804
263.4289,264.3422,262.2244,263.9576,265.7464,264.1134,264.2382,264.2382,265.813,264.1007,265.6972,264.1458,264.1458,265.8961,264.5885,265.156,265.156,267.297,264.7416,266.993,264.4862,266.0959,267.2734,267.2734,267.2949,266.2926,266.2739,267.2267,265.5676,264.4768,264.4768,264.9116,265.9875,264.8919,265.4734,265.3384,265.3817,265.3817,265.7814,265.7814,265.7919,267.4868,267.7456,267.9982,267.9982,266.1495,266.147,268.0385,268.0385,268.0385,268.0385,267.4814,269.957,267.513,267.513,267.513,266.7756,266.7756,268.351,268.351,268.351,268.351,269.3262,271.8552
264.2241,261.4138,264.6615,266.5785,265.9712,265.7849,264.0023,264.0023,265.9346,264.0421,264.1091,264.1458,264.1458,265.8961,264.5885,265.156,265.156,267.297,264.7416,266.993,264.4862,266.0959,267.2734,267.2734,267.2949,266.2926,266.2739,267.2267,265.5676,264.4768,264.4768,264.9116,265.9875,264.8919,265.4734,265.3384,265.3817,265.3817,266.2458,267.8053,265.7326,264.8169,266.3422,267.9883,267.9883,266.0794,266.4982,266.7596,268.4125,268.9633,268.8233,268.7643,268.9483,267.513,267.513,267.513,267.0522,267.0522,268.351,268.351,268.351,268.351,269.4521,271.1394
259.2804,262.7092,265.0916,265.8805,264.2712,265.806,264.0974,264.0974,264.2676,264.0945,265.7542,264.1476,264.1476,265.8661,266.0334,265.9795,265.9795,264.5555,266.156,266.0227,264.606,264.9351,266.9139,266.9139,265.8987,264.8585,267.2543,265.0577,266.1067,266.1665,266.1665,264.7471,267.222,266.0199,264.1981,266.0159,264.5467,264.5467,265.9502,266.3139,265.7443,265.617,266.312,266.0236,266.0236,266.5553,268.2658,268.4146,268.7507,266.9384,266.7124,266.8687,267.0168,267.2118,267.028,268.6597,268.6043,268.6043,267.0125,266.9986,267.2574,268.8044,267.8117,269.6617
263.1556,263.3629,266.4545,264.504,263.8633,265.8915,265.8279,265.8279,264.2499,265.7777,264.1449,265.7953,265.7953,264.2238,264.3456,267.1749,267.1749,264.6743,264.903,264.7917,267.375,266.0912,264.6383,264.6383,264.9252,264.9505,265.1194,265.429,267.4053,265.1829,265.1829,264.9103,266.1251,264.5715,266.0056,266.336,266.1778,266.1778,264.4882,266.1342,267.5203,267.6617,267.5146,264.4171,264.4171,266.2533,266.4739,266.7529,268.4269,268.6159,266.8803,266.427,267.0288,267.0057,268.5409,266.9206,266.7459,266.7459,266.6446,268.6303,267.1238,266.8642,267.448,270.5405
263.1556,263.3629,266.4545,264.504,263.8633,265.8915,265.8279,265.8279,264.2499,265.7777,264.1449,265.7953,265.7953,265.9368,264.5519,266.092,266.092,265.9818,264.7252,267.276,266.3272,266.0537,264.343,264.343,265.3248,266.3441,266.3846,266.3679,266.4575,264.5319,264.5319,266.0596,264.5033,266.0917,266.4072,266.3875,265.379,265.379,265.6867,267.2471,265.3452,265.131,266.2554,266.1488,266.1488,264.8551,267.8683,266.488,266.6604,268.4332,266.607,269.252,268.6516,266.8823,266.7585,266.7874,268.7099,268.7099,266.977,266.9775,268.7166,267.2027,268.877,269.1586
267.8757,264.5909,265.7496,264.0658,265.6873,266.1133,265.8427,265.8427,264.2242,265.7047,264.5587,264.6455,264.6455,266.0523,264.3609,264.7888,264.7888,266.2576,266.0471,266.2719,265.1134,266.3062,267.1579,267.1579,264.5464,267.4649,267.5698,266.2304,267.8976,265.9083,265.9083,266.0883,266.1213,266.3107,266.0473,266.2649,265.0441,265.0441,266.5974,266.0977,264.35,265.9949,266.3769,267.6826,267.6826,266.0865,266.3435,266.2129,266.3571,268.157,266.607,269.252,268.6516,266.8823,266.7585,266.7874,268.7099,268.7099,266.977,266.9775,268.7166,267.2027,268.877,267.7778
267.503,265.8232,265.4859,263.6272,263.948,265.71,263.8914,263.8914,264.2513,263.7194,264.7242,267.2082,267.2082,266.2298,266.0011,264.6371,264.6371,265.9123,264.2496,266.2179,267.9496,267.6299,264.6542,264.6542,266.117,266.0703,264.6698,264.6841,266.2004,264.1362,264.1362,264.5226,266.0792,265.9325,264.2527,266.0063,266.3542,266.3542,265.6992,265.8572,265.8572,265.8572,266.0421,265.1431,266.1331,267.7174,266.2369,265.7093,266.3487,266.2211,267.9294,268.6156,268.481,266.5141,266.6594,267.3906,269.2216,269.2216,268.9518,268.8807,267.2336,268.8288,266.8716,267.3418
263.8296,263.9476,263.7155,265.5573,266.904,264.5058,264.3114,264.3114,265.9277,264.5111,264.3556,264.8469,264.8469,264.8141,264.7647,266.01,266.01,264.5973,266.0446,265.9953,268.0604,266.4685,266.0794,266.0794,266.0546,264.2332,265.1067,264.6799,266.1117,265.9985,265.9985,264.8064,265.0132,264.4186,265.1408,264.6132,267.5139,267.5139,266.0864,266.0864,266.0864,266.0864,265.6805,266.1133,266.063,265.8257,264.8757,264.4939,266.1935,266.2481,267.9294,266.7635,266.8858,268.6038,267.1809,267.1627,270.4048,270.4048,268.9964,267.0194,268.5479,268.9692,268.7252,267.6754
263.8296,263.9476,263.7155,265.5573,266.904,264.5058,264.3114,264.3114,265.9277,264.5111,264.3556,264.8469,264.8469,264.8141,264.7647,266.01,266.01,264.5973,266.0446,265.9953,268.0604,266.4685,266.0794,266.0794,266.0545,264.2332,265.1067,264.6799,266.1117,265.9985,265.9985,264.8064,265.0132,264.4186,265.1408,264.6132,267.5139,267.5139,266.0585,266.0674,266.0864,266.0864,264.9919,266.308,267.7536,265.7208,266.2214,266.1703,267.625,265.4253,266.6653,266.8677,267.2182,269.5836,268.5403,266.0139,267.3108,267.3108,268.8049,267.1311,266.9415,268.6043,268.8755,268.8707
263.3934,262.5454,264.9415,264.3207,266.1063,264.7309,265.0947,265.0947,266.3568,266.3891,266.0355,265.9006,265.9006,264.405,264.8781,267.2151,267.2151,266.1293,267.9396,266.1138,267.0699,267.0699,266.0683,266.0683,265.9813,265.946,266.3068,267.4535,264.933,264.6117,264.6117,264.3577,264.7114,266.0187,264.4898,266.1239,266.2633,266.2633,266.2057,266.2057,266.2057,266.2057,264.275,266.003,265.7279,266.2041,266.2656,266.3943,266.257,266.474,268.045,269.1618,268.5809,267.0458,267.0786,266.7986,267.2261,267.2261,267.1801,266.8179,269.5202,268.6241,266.8316,269.0193
261.5446,264.7214,265.5853,264.9135,266.1669,264.4851,264.9909,264.9909,267.5043,267.5466,264.5576,266.0109,266.0109,266.0916,266.1537,267.127,267.127,266.3959,267.9223,266.5336,267.0699,267.0699,266.2777,266.2777,264.5104,264.1475,265.929,266.2234,264.6675,266.1643,266.1643,266.0437,266.1623,265.4204,265.4544,264.8397,265.1559,265.1559,266.2057,266.2057,266.2057,266.2057,266.0035,266.1314,264.708,266.2206,266.2224,266.2685,266.2596,266.1982,266.4112,266.8432,266.9958,268.261,268.4622,269.1143,266.9715,266.9715,266.7529,268.476,267.8416,266.9054,266.6264,266.1129
265.8933,266.83,267.3441,266.2191,266.8586,264.2673,264.4917,264.4917,266.2299,264.9656,266.0687,264.3953,264.3953,266.1003,264.971,264.9083,264.9083,266.1864,265.2063,266.4582,266.2046,266.2046,266.0513,266.0513,265.9693,265.8845,264.3096,266.0531,266.2644,265.1276,265.1276,265.1016,267.4116,266.0052,266.0052,266.0052,264.7124,264.7124,266.2057,266.2057,266.2057,266.2057,264.6212,266.1605,265.6572,267.3672,264.844,266.2509,265.9821,265.8922,266.1987,268.1535,266.3988,265.4111,266.8335,266.6278,266.5043,266.5043,268.4492,266.8569,266.4456,266.5779,266.2319,266.0022
268.1238,266.337,265.1419,264.7868,264.417,264.6243,264.3782,264.3782,266.0742,264.8979,266.1363,264.8083,264.8083,266.2567,267.4189,267.228,267.228,266.3545,267.5952,267.3603,265.5043,266.0445,266.1315,266.1315,264.7692,266.0909,264.9935,264.7309,267.5356,267.4335,267.4335,267.6261,266.238,266.0052,266.0052,266.0052,267.4555,267.4555,266.2057,266.2057,266.2057,266.2057,266.164,265.4108,264.9852,267.6133,266.2388,266.1338,265.8596,265.9911,266.1987,268.1535,266.3988,265.4111,266.8335,266.6278,266.5043,266.5043,268.4492,266.8569,266.4456,266.5779,266.2319,268.3643
264.0844,265.4402,264.5805,266.0173,266.0676,266.089,266.1096,266.1096,265.2384,267.4213,266.1616,264.4814,264.4814,266.034,265.326,267.2088,267.2088,266.0406,264.7221,265.8892,264.0904,264.0856,264.5833,264.5833,267.2678,265.2372,265.0465,264.9445,266.1798,265.1572,265.1572,266.3893,266.0491,266.0052,266.0052,266.0052,266.1482,266.1482,266.2057,266.2057,266.2013,266.2057,266.1306,266.096,267.5546,266.4415,266.1375,265.4287,265.9646,265.7258,265.7562,266.3658,268.2405,266.4467,268.2883,268.739,268.46,268.46,268.5006,268.909,269.6703,266.9717,266.7731,269.4316
262.1886,264.9206,266.0559,264.3192,266.0315,266.0315,266.1561,266.1561,267.2618,266.0902,264.612,266.0176,266.0176,266.0907,266.0869,264.789,264.789,264.6306,266.0319,264.3716,263.9706,265.0026,265.1373,265.1373,265.2151,266.0298,264.4325,264.088,266.0096,266.3622,266.3622,267.5415,264.9556,266.0956,267.2584,266.1817,265.9148,265.9148,265.8118,263.9946,265.9875,266.206,264.4981,264.8921,264.8921,266.3993,266.1477,265.8162,265.7651,266.2824,267.8369,267.8369,268.3713,268.4064,266.7325,268.4801,266.7506,266.7506,266.7506,268.5812,267.193,266.5344,266.4906,268.5909
262.1886,264.9206,266.0559,264.3192,266.0315,266.0315,266.1561,266.1561,267.2618,266.0902,264.612,266.0176,266.0176,266.0907,266.0869,264.789,264.789,264.6306,266.0319,264.3716,263.9706,265.0026,265.1373,265.1373,265.2151,266.0298,264.4325,264.088,266.0096,266.3622,266.3622,267.5415,264.9556,266.0956,267.2584,266.1817,265.9148,265.9148,265.8118,263.9946,265.9875,266.206,264.4981,264.8921,264.8921,266.3993,266.1477,265.8162,265.7651,266.2824,267.8369,267.8369,268.3713,268.4064,266.7325,268.4801,266.7506,266.7506,266.7506,268.5812,267.193,266.5344,266.4906,268.5909
263.2539,263.2539,263.2539,263.2539,264.4235,264.4235,264.7363,264.7674,265.3688,267.2794,264.9579,266.1032,266.1032,266.1183,264.8155,265.2683,265.2683,266.1404,264.6543,264.7545,264.7545,264.7545,266.2447,266.2447,264.6516,264.6516,264.6516,264.6516,266.3275,268.0016,268.0016,266.2831,265.6725,266.1137,266.4501,266.1631,264.6447,264.6447,265.9995,265.9995,265.9995,264.8804,264.8804,265.3283,265.3283,265.8398,265.2242,267.6202,266.1799,266.0468,264.633,264.633,266.5561,266.2512,267.0161,268.643,268.5138,267.5076,267.5076,267.0264,266.7074,268.0151,266.5125,266.4929
265.1479,263.8667,263.8707,265.8981,264.5414,264.5414,266.1592,267.0311,264.9934,267.3964,266.2383,266.2484,266.2484,266.1402,266.0981,265.1231,265.1231,266.3278,267.5978,266.1996,264.7545,264.7545,265.1685,265.1685,264.6721,264.6516,264.6516,264.6516,266.2201,267.9838,267.9838,265.4686,267.3896,264.6238,266.1584,266.1661,264.412,264.412,265.9995,265.9995,266.0321,264.8804,264.8804,263.5772,263.5772,265.3641,265.6042,267.3524,266.195,266.1621,265.1697,265.1697,266.1913,266.5729,266.8638,269.1648,266.9098,266.8513,266.8513,268.348,265.8665,267.3227,266.5125,263.818
265.1479,263.8667,263.8707,265.8981,264.5414,264.5414,266.1592,267.0311,264.9934,267.3964,266.2383,266.2484,266.2484,264.41,264.3297,265.9464,265.9464,265.6355,266.5897,265.9536,264.4322,264.7545,264.3267,264.3267,266.1872,265.4296,265.4172,266.2145,264.563,267.6482,267.6482,265.7527,265.6615,266.0849,266.494,267.7016,266.0843,266.0843,265.9995,265.9995,265.9995,264.8804,264.8804,265.4192,265.4192,265.8213,266.0906,264.7113,264.5768,266.1544,266.1726,266.1726,266.2599,266.3394,266.6494,266.6057,266.7645,266.7909,266.7909,268.2441,266.1264,266.5001,266.9001,266.7607
264.527,264.527,264.527,264.527,266.4911,266.4911,265.5739,265.7166,267.03,265.2426,265.2426,266.2199,266.2199,264.7611,266.0801,264.7194,264.7194,265.9679,266.2864,266.2874,265.9741,265.1855,267.2474,267.2474,266.1709,266.8156,265.9165,265.0279,266.2699,266.2797,266.2797,264.9234,265.4945,264.9039,267.9199,268.042,265.2772,265.2772,266.279,266.1019,265.9684,264.8804,264.8804,264.4325,264.4325,266.0496,265.264,266.1183,264.8254,266.3251,266.15,266.15,268.262,268.5217,268.4393,266.78,267.0272,268.6092,268.6092,267.0374,268.4949,265.6776,268.0487,269.1276
264.527,264.527,264.527,264.527,263.508,263.508,263.4915,264.1843,265.9052,265.2426,265.2426,264.7132,264.7132,264.4479,266.1956,267.0414,267.0414,264.6037,266.0739,267.4626,266.1508,267.4267,267.821,267.821,266.8156,266.8156,265.9126,266.2386,267.3154,266.3167,266.3167,267.4926,265.4553,266.354,268.2135,267.9819,266.257,266.257,267.4152,264.9073,264.5386,264.6234,264.612,264.4237,264.4237,266.0619,265.1348,267.3202,266.2966,267.9224,268.382,268.382,266.4932,268.442,268.8647,269.9013,268.8989,268.9149,268.9149,269.291,266.8224,268.3491,268.8192,267.8542
264.527,264.527,264.527,264.527,263.9173,263.9173,265.1725,266.7308,266.1334,265.2426,265.2426,264.2368,264.2368,266.0229,266.1329,264.488,264.488,264.6381,266.0183,264.7252,264.7299,265.1498,266.3838,266.3838,266.0232,265.8601,264.2792,265.9514,264.6934,265.9346,265.9346,266.2758,265.0481,267.6239,266.4807,265.2954,264.8726,264.8726,267.7198,267.3828,264.9091,265.0672,266.0249,266.1735,266.1735,265.1058,266.1245,264.7956,266.1775,266.6228,268.2858,268.2858,266.67,268.4902,267.2573,268.7802,269.9427,267.2163,267.2163,267.0436,267.0752,268.9991,269.2632,267.9934
265.8794,262.9331,261.055,263.1746,261.7498,261.7498,263.8831,265.9282,264.847,264.5096,266.0185,264.2368,264.2368,266.0229,266.1329,264.488,264.488,264.6381,266.0183,264.7252,264.7299,265.1498,266.3838,266.3838,266.0232,265.8601,264.2792,265.9514,264.6934,265.9346,265.9346,266.2758,265.0481,267.6239,266.4807,265.2954,264.8726,264.8726,267.7198,267.3828,264.9091,265.0672,266.0249,266.1735,266.1735,265.1058,266.1245,264.7956,266.1775,266.6228,268.2858,268.2858,266.67,268.4902,267.2573,268.7802,269.9427,267.2163,267.2163,267.0436,267.0752,268.9991,269.2632,268.9927
265.8794,262.9331,261.055,263.1746,261.7498,261.7498,263.8831,265.9282,264.847,264.5096,266.0185,264.2368,264.2368,266.1848,265.971,264.5351,264.5351,266.0645,264.3573,265.9685,266.0322,264.4705,264.2361,264.2361,265.8191,263.9487,265.8424,265.2696,266.0921,266.0477,266.0477,266.4267,267.7362,264.9972,265.0008,266.2721,267.5169,267.5169,267.4141,265.0029,266.047,264.6808,265.6204,265.2872,265.2872,265.1171,265.2579,265.91,266.4255,268.2108,266.5301,266.5301,267.6946,266.8728,267.1934,266.929,269.3615,266.7412,266.7412,266.9693,268.6974,269.0142,269.1312,269.2028
264.6194,264.6194,264.6194,264.6194,264.8303,264.8303,263.6949,265.2289,264.0965,265.9937,264.7761,266.3588,266.3588,267.1994,264.4094,264.0566,264.0566,265.9996,265.9871,264.4521,264.5284,264.7393,264.1639,264.1639,265.8033,263.9856,265.9072,264.7419,267.3177,266.37,266.37,265.6115,267.7375,266.0726,267.4117,265.4676,265.6299,265.6299,266.1595,264.5747,266.0574,266.0011,265.6204,265.2998,265.2998,266.1751,264.6752,264.7742,267.6849,266.7878,268.4752,268.4752,267.6946,267.248,268.9014,268.8029,268.8295,268.9265,268.9265,268.5492,266.73,267.1049,268.493,267.179
264.6194,264.6194,264.6194,264.6194,262.767,262.767,262.7831,262.8595,265.3592,265.9458,264.6631,267.9058,267.9058,265.2569,265.059,265.8078,265.8078,265.7957,266.3086,267.3339,266.0717,264.9009,264.3783,264.3783,264.6953,264.5238,264.8095,266.1397,267.4921,265.6663,265.6663,265.9932,265.9932,266.6517,267.8862,265.3119,265.0237,265.0237,266.24,264.79,264.7557,264.8004,266.2288,265.1464,265.1464,264.7105,266.1789,267.0102,267.0102,266.9184,268.859,268.859,267.6946,268.9387,270.3479,267.8264,269.3598,270.6999,270.6999,266.8492,268.5425,268.449,266.5154,268.4958
264.6194,264.6194,264.6194,264.6194,263.2728,263.2728,265.0129,265.1883,263.6989,265.6005,265.9239,267.822,267.822,266.1754,267.0132,266.0144,266.0144,264.5467,267.3057,266.1714,264.7532,265.2863,267.0914,267.0914,264.6335,266.1617,264.7908,264.6075,266.0508,266.3201,266.3201,265.9932,265.9932,266.1237,267.3996,266.3358,267.3613,267.3613,266.2537,264.7491,266.0281,264.4024,266.1594,266.329,266.329,266.2425,266.3164,267.0102,268.7436,266.9201,269.6111,269.6111,267.0298,269.7914,269.2687,267.8799,269.2363,268.9462,268.9462,268.0274,268.5519,266.7368,266.5487,268.9261
263.8994,263.6075,263.7829,265.3394,262.9509,262.9509,265.4364,264.2526,266.7706,263.915,264.0149,266.1965,266.1965,264.7523,264.2169,264.8735,264.8735,264.9622,267.3369,264.7647,264.6015,267.048,267.2209,267.2209,266.0058,266.9739,265.9378,264.2314,264.1074,265.8762,265.8762,266.2867,265.9855,264.3338,264.6108,265.3481,266.324,266.324,265.2115,264.4389,266.1281,266.1251,266.0416,267.2303,267.2303,265.2813,267.6069,267.0102,268.1396,268.6334,266.8854,266.8854,267.2685,267.2857,268.9984,268.333,269.0014,267.1086,267.1086,268.0274,267.0937,266.3984,268.5066,268.9287
263.8994,263.6075,263.7829,265.3394,262.9509,262.9509,265.4364,264.2526,266.7706,263.915,264.0149,266.1965,266.1965,265.9229,264.0972,265.7294,265.7294,264.96,264.96,266.0669,265.8352,264.4608,266.0457,266.0457,264.398,264.2213,264.5011,265.9542,265.871,264.3974,264.3974,266.1644,265.8891,266.0063,264.7405,266.1499,267.4251,267.4251,266.309,266.1833,264.7476,266.0909,264.8049,265.1787,265.1787,266.274,265.7528,266.4823,268.2676,268.6057,266.7621,266.7621,267.1842,269.6205,268.8894,268.9043,269.1169,268.7674,268.7674,268.8264,267,267.1442,267.2546,268.9819
265.2934,264.3281,263.3669,263.3669,265.2371,265.2371,263.6017,263.6017,263.3538,265.3927,266.1011,266.1011,266.1011,265.8762,265.8845,264.1906,264.1906,264.96,264.96,265.6618,263.9969,265.8796,265.7959,265.7959,265.9807,265.8827,264.4709,267.0174,266.1047,265.8699,265.8699,265.1337,265.1337,265.3734,267.244,264.9562,267.4251,267.4251,266.309,266.1833,264.7476,266.0909,264.8049,265.1787,265.1787,266.274,265.7528,266.4823,268.2676,268.6057,266.7621,266.7621,267.1842,269.6205,268.8894,268.9043,269.1169,268.7674,268.7674,268.8264,267,267.1442,267.2546,269.8424
260.3908,263.7285,262.4151,263.5653,263.6361,263.3608,263.0647,263.223,264.9884,263.5597,263.5695,266.1011,266.1011,264.0218,266.7432,265.5222,263.3848,265.5474,265.6199,265.6618,263.9969,265.8796,265.7959,265.7959,265.9807,265.8827,264.4709,267.0174,266.1047,265.8699,265.8699,265.1337,265.1337,265.3734,267.244,264.9562,267.4251,267.4251,265.5807,265.5807,265.0761,265.1591,265.9338,266.1417,266.1417,266.3781,266.3781,267.7685,266.9871,268.6573,268.5581,268.5581,268.4023,266.931,269.3114,268.7201,269.0754,268.8921,268.8921,269.0321,269.4752,271.2676,267.1273,271.2586
264.5756,261.8654,262.7927,263.6374,265.1882,262.7302,263.2757,264.9294,263.5567,263.4765,263.5597,263.5695,263.5695,265.4912,264.1964,264.0938,264.2084,265.5773,263.8906,264.0578,263.9049,265.6076,264.1785,264.0255,265.7777,265.8518,264.1769,265.9738,264.5589,264.3673,264.2963,266.0404,266.0404,266.2645,265.9079,265.9079,266.2513,266.2513,265.5807,265.5807,265.1418,265.2964,264.5818,266.3253,266.3253,267.5386,266.2824,266.3374,266.3723,269.4172,267.3971,267.3971,268.4023,267.2778,267.1255,267.0872,268.7305,267.3506,267.3506,267.5182,268.3027,271.4364,269.1975,270.0782
262.4278,261.8203,262.1749,263.8576,264.9437,263.4435,263.2685,263.0527,263.5346,263.5567,263.4765,263.7995,263.7995,265.4034,263.5546,265.5529,266.6249,263.9276,263.9507,266.33,264.3106,264.0108,266.7397,265.8062,264.2693,264.0617,265.9062,266.0092,264.4068,265.9079,267.0978,264.1686,264.1686,266.0133,265.9079,265.9079,266.0853,266.0853,267.3232,265.1664,267.329,265.4392,266.1945,265.144,265.144,265.3155,267.6901,268.7009,268.7009,268.7009,267.6311,267.6311,267.4244,268.9048,268.5933,266.4213,267.5699,269.7739,269.7739,266.9944,267.7691,269.1605,269.8709,271.4008
258.9503,259.1413,259.5099,261.317,264.5516,263.1824,263.4229,263.1197,263.0527,263.5346,263.4023,263.2196,263.2196,265.8412,263.792,265.433,263.9267,265.7322,265.6876,265.7042,263.8895,263.9504,265.7941,266.2383,266.0343,265.9656,266.293,265.2209,265.2209,265.2209,265.2209,264.3674,264.3674,265.4188,265.9079,265.9079,264.3907,264.3907,266.2286,266.2068,266.1926,266.1926,266.1926,266.0976,266.0976,264.6894,266.2967,268.1952,266.5694,268.5439,270.0046,270.0046,268.8328,269.092,267.2649,267.2106,268.2946,267.7238,267.7238,268.1017,268.3644,271.4857,270.9889,271.0168
262.2014,260.6024,259.308,261.9593,262.9422,262.9892,262.8452,263.4395,263.0288,265.085,263.4209,263.5416,263.5416,263.4149,263.6581,263.3111,265.3562,265.7773,265.6268,263.7651,265.7343,265.7453,264.0668,266.0048,266.2237,264.7088,266.1013,265.2209,265.2209,265.2209,265.2209,265.9721,265.9721,265.4188,265.4188,265.278,264.2916,264.2916,267.2254,266.1926,266.2191,266.1926,266.1926,266.4119,266.4119,267.818,266.8006,268.6679,268.4616,268.7621,268.8909,268.8909,269.0817,269.8875,267.372,268.9495,268.2946,269.0298,269.0298,269.396,271.4909,269.7916,269.0859,268.1076
263.0491,262.1631,259.8806,260.1573,262.5484,263.4223,263.0344,262.3693,264.7768,265.0558,263.3067,264.33,264.33,262.6908,263.2975,265.1517,263.5963,265.4238,263.5728,265.155,265.2039,265.2039,265.1491,265.1491,266.5112,265.5223,267.1727,267.1727,265.2209,265.2209,265.2209,265.8098,265.8098,265.4188,265.4188,265.1783,265.8127,265.8127,266.1072,265.0798,266.3154,265.5018,267.3054,267.6552,267.6552,266.8853,268.7516,270.0117,268.8678,267.0313,267.0826,267.0826,267.5179,267.3089,268.8634,268.8181,267.2897,268.8653,268.8653,270.3309,271.1414,268.7242,270.0011,266.8605
260.5988,262.482,262.2451,260.7805,262.6053,263.3353,262.3798,263.4564,262.903,262.6991,264.6722,262.5643,262.5643,261.4636,263.1911,263.6451,263.3912,265.8489,263.841,262.8764,263.0756,263.0756,265.1491,265.1491,266.5112,268.0123,266.4042,266.4042,265.4684,265.4684,265.4684,264.0475,264.0475,265.1098,265.1783,265.1783,265.8127,265.8127,266.1072,265.0798,266.3154,265.5018,267.3054,267.6552,267.6552,266.8853,268.7516,270.0117,268.8678,267.0313,267.0826,267.0826,267.5179,267.3089,268.8634,268.8181,267.2897,268.8653,268.8653,270.3309,271.1414,268.7242,270.0011,268.3943
262.8615,260.9048,262.7915,262.8988,263.1613,263.5995,265.1567,265.1033,263.2463,262.6711,263.151,261.7315,261.7315,263.9132,263.1318,264.147,262.8134,264.5597,263.0071,265.2006,265.3302,265.3302,265.1491,265.1491,266.5112,266.2209,265.9075,265.9075,265.4684,265.4684,265.4684,265.573,265.573,265.1098,265.1783,265.1783,264.0879,264.0879,267.3725,266.2418,264.9557,264.9897,267.2267,267.8496,267.8496,266.4493,268.5244,269.0391,269.8918,268.6891,267.4267,267.4267,268.8359,266.93,267.4624,267.2859,267.2193,268.9984,268.9984,268.4269,270.6946,269.6071,269.5376,270.228
262.7225,260.6103,261.8744,263.8657,263.1342,264.5422,264.9807,265.465,263.3047,263.5552,262.9017,263.2491,263.2491,261.3948,261.6505,261.1354,261.3331,261.9155,263.2999,265.269,267.1346,267.1346,265.7517,265.7517,265.3227,265.581,263.7351,263.7351,265.1231,265.1231,265.1231,263.6451,263.6451,265.1273,265.2875,265.2875,265.6832,265.6832,265.8767,265.9227,266.1418,266.6268,266.6268,266.5475,266.5475,265.8521,268.2898,269.1714,268.6248,267.0343,268.6552,268.6552,267.2978,266.8172,267.5228,269.6251,269.0502,269.4345,269.4345,268.512,268.688,269.612,271.0397,268.8466
260.4722,259.7452,259.2484,261.9683,262.7526,261.1038,262.945,264.5114,264.7706,263.0352,264.3623,264.112,264.112,263.0545,263.0373,262.2625,261.3782,262.8913,261.8691,265.1729,266.9109,266.9109,265.7517,265.7517,265.347,263.4685,265.4261,265.4261,265.1231,265.1231,265.1231,266.3606,266.3606,265.1273,265.2875,265.2875,263.9448,263.9448,263.7424,264.1932,265.6396,266.6268,266.6268,266.5093,266.5093,266.2432,268.2471,268.3903,266.621,266.5383,268.5265,268.5265,268.7982,267.5177,267.143,267.3057,269.0431,270.7621,270.7621,271.5667,271.1158,269.8649,271.3571,271.1344
261.3215,257.9333,261.2046,262.4283,261.4253,262.0751,260.5867,263.5294,261.922,263.9511,261.4707,261.7087,261.7087,263.1068,261.5385,262.0331,263.9227,261.3792,262.9471,264.3971,265.2265,265.2265,265.4074,265.4074,264.1768,264.9549,265.4261,265.4261,265.1231,265.1231,265.1231,266.3606,266.3606,265.1273,265.2875,265.2875,263.9448,263.9448,263.9666,265.5157,264.0609,266.6268,266.6268,266.7061,266.7061,266.3408,266.4605,266.1342,266.4855,266.8395,266.6858,266.6858,269.4173,267.1234,268.7954,267.6069,268.0134,269.3061,269.3061,270.0341,270.0341,270.2228,269.6405,269.7652
261.3215,257.9333,261.2046,262.4283,261.4253,262.0751,260.5867,263.5294,261.922,263.9511,261.4707,261.7087,261.7087,263.0933,263.1974,264.3663,262.9378,261.063,261.1858,261.797,264.4736,264.4736,265.4074,265.4074,264.1768,262.324,263.8566,263.8566,265.5815,265.5815,265.5815,262.5794,262.5794,264.5701,264.856,264.856,265.531,265.5309,263.6342,263.7515,265.9414,267.203,265.6772,269.0683,269.0683,268.369,268.2912,266.5712,266.753,268.6401,266.6858,266.6858,266.6858,267.2061,268.9998,268.0491,270.0424,270.7788,270.7788,269.7349,271.4778,272.8954,271.5953,269.9869
261.6085,260.5632,259.5858,260.7801,259.4621,259.336,260.0234,260.5438,262.4475,260.5269,262.7718,264.3137,264.3137,262.5063,262.797,264.0116,261.3829,262.7163,262.5856,262.4457,264.4736,264.4736,265.4074,265.4074,264.1768,262.324,263.8566,263.8566,263.8887,263.8887,263.8887,264.8025,264.8025,264.8025,264.856,264.856,263.3808,263.3808,265.7012,264.3703,264.3703,268.502,268.2555,268.3703,268.3703,266.9028,266.7969,268.6041,268.8105,269.0778,266.6858,266.6858,266.6858,268.5629,268.65,269.6576,268.9086,268.9972,268.9972,268.9836,269.929,271.9532,271.5765,270.1308
258.3091,259.0054,256.792,257.2397,261.0295,261.8661,262.2384,261.794,262.3872,260.7015,262.6699,262.4409,262.4409,260.0428,261.1454,262.7399,261.0829,263.1825,260.3917,260.4614,260.3875,260.3875,263.2664,263.2664,263.2664,261.7855,259.099,259.099,263.8344,263.8344,263.8344,264.7381,264.7381,264.7381,264.5094,264.5094,263.3808,263.3808,265.7012,264.3703,264.3703,268.502,268.2555,268.3703,268.3703,266.9028,266.7969,268.6041,268.8105,269.0778,266.6858,266.6858,266.6858,268.5629,268.65,269.6576,268.9086,268.9972,268.9972,268.1984,271.1102,271.7501,271.644,270.4791
259.1897,256.886,259.0465,259.546,259.8654,260.8806,262.6704,263.4614,260.9399,263.8511,262.883,261.078,261.078,260.6274,262.175,263.416,260.9268,260.8799,261.2749,261.3668,262.0592,262.0592,263.2664,263.2664,263.2664,263.9477,261.9956,261.9956,263.8344,263.8344,263.8344,262.7796,262.7796,262.7796,264.5094,264.5094,263.4835,263.4835,265.6191,264.3087,264.3087,266.4328,268.6536,268.7411,266.8218,266.8413,268.6894,269.9736,268.8108,268.3542,265.9531,266.0852,266.0852,267.0378,267.1659,268.8345,269.8564,268.7458,268.7458,269.7656,269.7065,269.7762,269.872,270.8177
