258.3141,260.4437,260.1911,257.6924,257.4284,261.1058,260.243,260.4362,260.6861,262.5941,263.1488,262.7009,258.8502,260.4122,260.5825,260.195,257.7446,258.2852,260.1693,258.2215,260.3218,260.7426,262.3917,260.4107,258.2237,260.3169,260.7471,262.0607,258.0858,256.4579,259.6696,260.2107,260.3395,261.9654,262.2462,260.6252,260.6427,260.641,260.2679,257.5363,255.223,259.0891,258.3884,260.4337,260.6004,260.4783,260.2318,258.2297,262.2491,261.6218,257.4566,258.3051,260.4014,260.5233,260.7276,262.1499,258.6406,258.326,259.7021,256.678,258.1367,257.9425,260.2785,260.9241
260.4051,262.0407,261.3285,258.5365,257.9432,258.1375,258.4689,260.107,259.0746,260.6291,260.9194,261.8889,261.7399,260.3194,260.2892,260.1221,259.3728,261.2117,261.612,260.0756,260.2844,260.4152,259.115,260.2352,261.3832,260.2719,260.285,259.8627,259.184,256.9995,258.402,259.372,258.0865,259.9191,259.2203,259.3802,261.8769,261.6311,259.5097,259.1284,256.2182,257.9883,261.2156,261.8675,261.8033,258.9557,260.1748,260.0294,260.4263,259.8237,257.9343,259.785,261.6057,259.181,259.3653,260.4522,261.2458,261.1814,259.4786,260.5756,260.7282,259.925,260.2584,261.2726
260.5866,260.5375,260.3138,260.0883,261.046,259.8918,260.0451,261.5246,260.2845,260.4508,260.4162,259.6525,261.8267,259.8435,258.9554,260.3118,260.5825,260.5665,262.0049,260.5327,260.3923,261.7461,260.3055,259.6195,258.9026,260.2535,261.2295,257.8853,257.2542,259.4055,259.9663,259.8976,261.2235,259.8744,260.3015,261.4721,259.6674,259.9708,257.9326,256.775,259.5233,259.8211,259.5207,259.6179,259.7442,259.9128,261.3497,260.1886,260.5633,259.2317,259.8139,261.626,260.5579,261.5763,260.3837,260.2517,259.132,260.2086,258.74,260.3411,261.746,259.9583,260.167,259.6273
260.2484,260.1828,259.3145,261.8397,262.0339,260.3554,258.843,260.3669,260.487,259.604,259.0997,260.3836,260.3667,259.128,261.5414,259.7921,259.3541,259.8966,259.5247,260.3701,259.1642,259.8245,260.3658,259.7093,261.4478,260.0537,258.588,259.3527,257.574,259.8255,261.6764,261.7389,260.2415,260.4497,260.3913,259.5392,261.8662,260.183,259.4012,260.2448,257.5301,257.3845,257.3617,257.2523,257.402,259.4884,257.9196,259.8192,260.4005,260.6164,261.8596,260.4227,261.7413,259.1302,259.6771,259.5091,261.7084,260.1092,260.2473,260.547,259.9778,258.0922,259.5749,259.6996
258.2082,260.0351,260.4133,261.7302,259.5598,260.2371,260.2635,259.7399,260.426,260.2297,260.3529,260.1209,260.4467,260.2554,260.0668,259.3639,257.6422,259.6631,261.8221,262.0259,260.4756,260.1399,260.358,259.4818,261.2916,258.7528,258.0821,258.1971,259.8886,260.0724,258.9386,260.2182,258.8182,261.51,260.4094,261.596,260.5197,260.2831,258.6432,259.8616,259.4776,260.5634,259.3784,259.3513,259.5612,258.1801,259.6786,258.5349,261.4919,260.4919,260.3389,259.2,261.5563,260.237,259.5431,259.7867,261.8145,260.6113,260.5836,261.9561,260.3429,259.7286,257.8463,260.1093
262.2447,260.3887,260.3629,259.5866,261.7231,259.8975,260.45,262.0656,260.3366,258.8823,260.1185,258.6394,260.2207,258.8048,259.3482,259.7432,259.4641,261.3087,260.0612,261.8576,260.5155,262.0976,261.5356,259.056,260.156,258.9,260.7966,260.1491,261.8466,260.3759,260.0529,260.2456,258.9473,259.6367,259.1945,258.8506,260.3327,261.7148,259.9275,260.2137,260.4836,260.2271,260.2239,260.0699,261.201,261.4426,260.235,261.438,259.1296,261.9006,260.4181,260.0797,259.3224,260.2654,259.4503,258.8812,260.3703,260.6118,261.8694,259.459,261.9738,261.3664,260.243,256.9843
260.7196,260.4394,259.4966,260.4129,260.3499,261.8759,260.3849,260.2484,260.5071,261.8531,259.8708,261.6895,259.8846,259.8926,260.4154,259.1649,260.325,260.3328,259.0695,260.3898,259.434,260.5748,260.2808,259.1296,261.378,261.5082,258.8736,261.5601,260.5401,260.0635,258.2763,260.1103,260.3198,259.0571,260.1373,259.3796,261.5163,259.9836,260.2048,261.9202,261.9973,259.3909,261.4666,259.013,259.6794,259.2356,260.3118,260.4305,261.786,260.4203,260.1308,258.5577,261.2329,259.5378,258.9649,260.3869,262.1765,262.0033,259.7418,260.2923,260.5296,260.0733,258.5481,258.5938
260.5825,260.3501,260.2672,261.7174,258.9492,260.3452,260.1743,258.6884,261.6451,261.9863,260.5413,261.9439,260.5213,259.8602,261.9233,262.0711,260.568,260.3676,260.2802,259.8213,260.3207,261.9655,262.1069,261.7928,259.7898,260.391,260.233,259.2586,261.9281,260.2698,258.8492,260.192,260.39,260.1432,258.5161,260.1589,259.8454,259.5223,261.6548,262.2703,261.9585,261.4293,259.7225,261.4983,259.7476,261.49,261.7597,260.5215,260.4683,259.4949,260.2968,258.9978,259.1946,260.432,261.5819,260.7193,262.4828,260.5753,259.4582,260.356,260.2608,260.2276,261.1032,261.04
259.9562,259.8391,261.3889,260.1548,260.0827,260.3588,259.2675,260.0551,259.6718,259.6967,260.2553,259.3611,261.7623,261.8957,260.5579,260.5589,260.3491,258.9373,259.7094,260.2455,258.8551,260.2609,260.4429,260.6127,260.5825,260.6553,262.0065,260.3764,261.9839,261.9739,261.6425,260.0073,259.3701,260.3607,260.2525,260.4898,261.9481,260.4843,259.8599,260.6437,260.2033,258.7389,259.3641,260.3702,260.2741,259.8687,259.5696,261.8764,259.9303,261.9951,260.4599,259.4582,259.5879,259.4373,259.1509,261.8405,262.0396,260.1967,260.0825,260.2746,258.6921,260.0053,258.7132,260.1653
257.5883,258.1851,259.881,258.3456,258.7607,261.4831,260.4194,260.2054,260.3962,261.8849,260.1775,259.9087,260.3285,259.1043,260.2521,260.4065,259.1959,259.4811,260.3603,260.493,259.8797,258.4176,260.1939,260.589,260.4686,260.4556,260.7383,260.2386,260.1107,261.9898,259.819,261.7952,260.4258,260.1844,261.8011,260.5976,262.2341,259.9321,260.4517,260.4882,260.2871,260.0101,260.2819,261.8106,262.0916,261.9599,261.9735,260.4813,260.329,262.1707,261.9418,259.8201,259.6805,259.0667,260.3669,260.3929,259.4141,261.9116,260.6098,259.89,260.3229,259.9677,258.6875,261.313
261.6846,259.7635,260.165,259.9625,258.5217,260.2453,261.6397,259.1817,261.524,260.3838,260.3144,260.4918,260.4449,260.2348,258.9892,261.7762,261.9095,260.456,259.1839,261.9041,260.0707,260.2303,260.0847,262.1266,260.1452,262.2052,262.0882,260.4318,261.9131,260.6578,261.7282,259.9831,260.3094,259.5848,259.0236,260.2121,260.7183,260.6024,262.1699,260.3929,258.7997,260.2852,260.2844,259.226,260.4284,260.3779,260.56,260.2126,259.1449,261.8056,260.4529,259.7084,261.3809,260.4216,261.8691,260.4739,260.3099,259.9849,261.9078,260.1823,259.6564,260.3818,261.7706,260.3544
260.6966,260.7383,260.3933,260.1695,260.1357,260.3691,259.2642,261.4481,259.3707,259.081,260.2571,261.9806,260.351,259.3845,260.2411,260.4485,260.2763,260.4741,260.3439,260.3422,260.2976,260.4975,261.8528,262.1116,260.5382,260.2489,260.2228,259.0077,260.5079,262.2776,260.3369,259.0013,261.572,259.0594,261.607,260.666,262.2361,260.6164,260.6023,259.923,260.4287,260.4818,260.3311,259.0863,260.2801,258.7258,260.4067,261.9936,260.3072,259.3614,260.2516,258.9969,259.6306,259.2422,260.4394,259.477,260.422,260.0617,260.476,259.0417,260.3773,261.8272,260.4849,260.1552
260.701,262.3317,259.8188,259.1431,259.5628,261.8415,260.2701,260.5935,261.7711,260.2457,258.8766,260.2997,260.1248,258.3615,260.1335,260.1564,258.7718,261.6504,260.2978,259.3105,258.8657,260.2352,259.1729,260.2353,260.4246,260.1577,260.5274,260.2924,260.0136,260.5677,260.4469,260.3155,260.6301,259.9712,260.2664,262.2365,260.3424,260.3423,262.2589,260.6517,262.2878,260.4641,259.9032,260.1967,260.3602,260.0112,260.4416,260.6544,260.4751,259.8493,259.412,260.3407,261.5718,260.3169,260.3457,259.2668,260.2951,258.7276,260.3051,260.4767,260.1584,259.3686,261.8061,260.0407
260.4044,261.8867,260.4838,259.6331,260.4248,260.7619,262.4208,261.9888,260.2917,260.3549,260.2747,259.2209,259.6774,260.1432,258.8242,260.2789,260.2127,259.1674,260.4012,261.6506,260.1844,259.8905,261.6119,260.1661,260.4486,262.1802,262.2437,260.5775,259.9345,260.0794,259.8929,260.2489,262.2257,260.7794,260.6009,260.6859,262.0334,260.6248,262.3856,262.2929,262.3462,260.1577,258.4417,259.6445,260.2715,260.543,261.7961,260.1385,261.7239,259.3179,261.6759,260.5039,260.3174,258.8268,260.3374,259.8055,259.1147,260.296,259.3755,262.0188,260.4255,259.5201,260.4335,260.6466
258.4795,260.2346,260.43,260.1349,260.3651,261.8612,260.4552,260.2412,258.5538,260.3457,262.0786,260.4658,259.8209,259.97,260.1668,259.6581,259.6735,259.7365,261.7171,259.8534,260.2286,260.4022,260.3161,258.9692,260.1736,260.5214,260.3363,260.0927,262.065,260.3484,259.4527,260.1282,260.6282,262.3096,260.5194,260.4318,259.2651,260.5106,260.6203,259.8908,260.5342,260.4559,260.0637,258.9721,261.7416,260.4311,259.5305,259.2031,260.2784,260.2168,259.5964,260.4633,259.133,260.2921,260.4421,261.9896,260.4602,260.5754,262.08,260.6905,260.5427,261.899,260.4627,262.3246
260.5408,262.0107,261.8944,258.9918,259.0826,260.294,258.7684,260.0725,258.3369,260.2265,262.4217,260.4771,259.3277,261.6146,259.8671,260.242,259.8062,259.5384,260.4913,259.8672,258.4677,260.2536,260.3196,260.1383,261.6778,260.5585,261.8939,261.9983,260.5235,261.8225,261.9871,262.2123,262.5302,260.7847,259.861,260.5628,260.4623,259.5686,260.4991,260.2659,260.5068,260.2583,260.3919,260.3298,261.5874,259.6528,261.5652,260.2988,260.1559,258.6433,260.3537,261.8802,260.4206,260.3197,260.5298,262.0147,260.4951,260.501,260.6619,262.1662,260.4597,259.548,260.2873,260.831
262.3172,260.6323,262.256,261.5749,260.2602,259.0782,260.1984,259.2083,260.1213,260.4776,262.547,260.7111,262.0559,261.8777,259.3327,259.8245,260.335,261.8698,261.9934,259.9411,260.26,260.5936,262.3821,260.7997,262.2402,260.1373,260.3365,260.4,259.1656,259.9,260.3365,260.5095,262.5852,262.4358,260.6777,262.2932,260.7058,262.2371,260.6343,260.5443,261.7801,258.9016,260.3354,261.8871,259.5214,259.5655,259.4686,260.4828,261.8332,260.3451,260.4541,260.3873,259.4818,260.2715,260.3487,259.7224,259.6511,259.7028,260.0623,259.9746,260.458,260.2865,259.0198,260.4479
258.7346,260.2538,261.7519,261.6349,259.2474,261.5339,259.8592,259.8054,259.3657,261.9924,262.0401,261.9934,260.5896,260.6769,261.826,259.7144,259.3901,260.4939,260.6488,262.0024,261.9821,260.5505,262.0772,262.0168,261.968,260.3286,261.9823,260.5148,260.2658,259.963,258.4675,260.2778,260.6648,262.0594,262.1295,260.7179,260.5922,262.1125,260.6103,260.3666,259.77,260.3886,260.3074,260.4186,261.6083,260.3913,260.2821,259.3608,260.5747,262.1876,260.6118,261.7359,259.5277,260.4096,260.4748,262.0002,260.4951,260.4814,259.9398,261.9865,260.1071,260.6012,261.9955,260.3174
262.3651,260.7223,259.1529,260.0598,259.3354,260.5387,261.9943,261.592,261.62,261.8737,260.1671,258.9916,260.3764,262.1745,261.9334,260.3919,261.8267,261.916,261.8575,259.6586,260.4185,259.2741,260.277,259.4541,259.6447,259.9287,259.7318,260.2437,258.9218,259.9178,260.2024,260.365,259.6915,259.9956,259.8944,262.1575,260.4551,259.5205,261.8628,259.5702,261.7295,261.8508,260.3837,260.1682,258.7517,260.3632,261.7755,260.4316,259.5232,260.4979,260.3582,259.4873,261.8791,260.7027,262.4345,260.6356,260.2176,260.4283,260.5613,262.4517,262.4025,262.4472,262.4243,260.7142
260.8598,260.283,260.0376,258.8958,260.0827,261.7892,262.096,259.6816,259.2509,260.2917,260.2872,260.2784,260.5493,260.412,259.2372,259.9241,260.3201,259.7514,259.7832,261.7304,260.3272,260.1945,258.7409,260.2158,260.4205,260.3124,260.3253,260.14,261.7219,259.6345,260.4147,259.9214,260.4502,261.9115,260.4407,260.5172,260.5004,260.4318,260.7114,261.95,260.3567,258.9407,260.1428,260.4008,260.2711,260.1995,259.1534,260.4553,261.7919,260.1344,259.3029,260.3259,260.3493,260.4548,262.5159,260.4405,258.5998,259.476,260.5707,262.5078,260.8811,260.7597,260.1993,259.9613
262.1161,261.4461,261.4705,258.89,258.5271,260.2494,261.8625,259.8507,259.4998,260.2741,260.189,260.499,261.7722,259.0258,259.7393,260.4002,261.7349,260.3788,260.3434,261.5849,258.9644,260.2643,259.9224,260.2546,260.3324,259.0214,260.1891,260.2078,261.8349,261.8511,260.6412,262.0683,259.7756,260.5179,260.3286,260.4117,259.7274,260.473,262.4333,260.5443,259.5612,259.7015,258.4017,260.178,260.2209,258.6207,260.3498,261.8337,259.4486,260.086,260.4143,260.182,259.0592,260.5208,262.2181,260.5012,260.2599,260.2375,260.0282,261.9738,262.2658,260.5625,261.7657,258.6501
257.0496,260.6792,260.1369,258.7581,260.7103,260.3022,261.7169,259.3805,261.4811,259.313,258.7104,260.3038,259.436,260.3342,261.3926,259.448,259.0467,260.2509,258.9613,259.7014,260.3182,260.4766,260.7191,262.3242,260.6131,261.6563,260.0236,259.9959,259.8397,259.272,260.5552,262.4291,260.7312,261.8456,258.8602,260.3761,262.0897,262.2856,262.228,260.4068,259.3147,259.8651,259.0847,260.3102,259.0123,260.2569,260.6812,262.2044,260.4013,260.4995,262.2518,261.7683,260.3509,261.6829,260.5327,259.4832,260.4081,260.2096,259.8262,259.5339,260.1782,262.3874,261.9275,259.478
257.7909,259.2278,259.6326,257.8659,258.1732,259.9357,260.3093,259.1201,260.2719,260.3245,259.3504,261.6896,260.4252,259.3673,258.7076,260.2057,260.3181,260.4915,261.6366,260.4364,261.9783,260.5402,260.4048,262.142,260.3943,259.0918,260.229,258.797,260.4099,260.3825,262.2607,262.6028,262.3172,260.6041,260.1032,260.5844,260.433,260.2615,260.2572,259.627,260.1211,258.8142,260.3753,259.8264,259.906,260.1179,262.2264,260.6338,260.2436,260.4951,260.396,260.3523,258.9577,259.577,261.5954,259.5061,261.8773,260.4532,260.256,260.4309,260.4912,261.939,260.0901,260.8385
257.6031,257.9507,257.9909,259.8903,259.9223,258.6114,260.1591,261.436,258.9745,260.3493,260.3076,261.6102,260.41,260.5291,259.6934,260.4794,260.1871,260.426,260.2785,258.9433,260.3532,260.2007,258.8976,260.3946,260.5282,261.7805,259.3755,260.2484,262.0704,260.7015,262.2143,260.6252,260.0859,260.489,260.7379,262.1202,259.6113,258.4213,258.8723,259.8474,260.4047,260.4406,262.0401,260.4976,261.7346,260.2545,262.0334,261.8142,258.9401,261.5546,258.9138,260.2348,260.2819,259.6799,259.9572,261.8596,262.1651,260.4627,259.6602,260.3386,259.5897,259.9289,259.7317,260.9673
261.8468,260.7575,259.7753,261.776,261.4724,258.5541,261.1013,259.3555,260.3863,261.7268,259.7202,258.381,259.8934,262.1239,260.4282,261.7863,258.7538,260.2676,260.4264,260.2469,260.2736,260.4717,258.962,260.0654,260.69,262.217,260.3928,260.1494,260.7137,260.5085,260.1189,259.9242,260.5925,260.6393,262.0787,260.2495,260.3789,261.3925,258.9788,259.8328,261.7416,262.1896,262.1035,260.3296,259.1858,259.7517,259.6488,260.4334,260.3098,259.8906,260.2198,258.7257,259.7072,259.335,260.2562,260.279,260.0695,260.194,261.8897,260.2281,260.4663,261.948,260.1393,262.3441
260.7493,260.7821,262.333,262.3849,260.5893,260.125,259.2482,261.4391,261.6463,260.4165,259.1461,259.96,260.0994,260.7507,260.6632,260.4994,260.2811,259.2209,260.1468,259.6458,260.5944,261.9846,260.2788,258.8786,260.2862,260.679,260.4665,260.2682,261.8461,260.4033,261.7968,260.0659,262.2477,260.5334,259.2385,260.4626,260.5686,260.4902,260.1591,258.7234,260.305,259.7663,260.4123,259.3625,260.4452,261.6053,259.0583,260.3969,261.9274,259.3732,260.3667,258.8139,259.4825,260.1992,259.3668,261.6904,260.664,259.5383,260.461,260.1853,260.148,262.2254,260.5786,260.84
262.6886,260.8336,261.5964,259.9967,261.7577,261.83,261.4366,259.2595,259.3921,259.1302,259.2444,258.1502,260.0425,262.0805,262.0537,260.619,262.0695,260.4523,260.3981,260.5853,262.2096,261.3099,260.4623,260.5979,260.3929,260.7438,260.2931,258.8204,260.298,259.0787,259.8462,260.7009,260.7487,260.54,260.411,260.0289,260.6969,260.5282,260.2369,259.9628,261.7338,260.4019,259.2561,261.8355,262.3069,260.6652,262.0396,260.6266,261.9906,260.4509,261.7744,260.3408,259.0653,258.7675,260.2225,260.153,259.9524,260.1224,259.2446,261.9628,262.2522,262.4915,260.6756,261.5656
259.5365,259.8517,258.8983,258.1519,259.9776,260.2163,259.1863,260.2079,258.5391,259.9767,260.1842,260.1154,260.3369,260.4096,259.176,260.331,260.5866,260.0576,261.9774,262.2104,260.5362,260.1919,260.3987,262.2698,260.7124,262.5085,260.6804,260.2147,260.4156,260.2811,260.5404,262.2265,262.1088,260.4737,260.1483,260.4533,262.1568,260.4979,260.0809,260.409,260.3911,259.3916,260.473,260.5753,262.0147,260.4961,262.4069,260.6141,260.3274,259.2245,260.3979,260.5322,261.4494,260.2936,260.47,260.2708,259.264,260.2825,260.391,260.3023,260.6867,262.2546,260.1024,258.9798
256.3376,256.4271,256.6688,260.2909,259.9348,258.7761,261.3719,260.346,259.9692,258.2636,259.0344,261.6815,260.3631,260.5914,260.4832,260.3096,261.9034,259.1681,260.4213,260.2172,259.7624,258.6277,261.6152,260.0989,262.1896,262.255,262.0717,260.4661,262.1819,260.4747,260.4445,260.7752,259.9279,259.5325,259.9958,259.6262,262.0679,259.9278,259.1357,260.0441,260.5485,261.9561,261.9549,260.3167,259.0552,260.4377,260.377,260.307,258.8524,260.317,259.4673,260.3127,259.2769,259.2244,260.3178,260.2064,259.9168,260.3501,260.1994,258.6572,260.2848,260.6456,259.7253,260.0542
259.3269,259.2062,257.2534,260.3148,260.391,260.2029,259.166,260.1448,259.7675,260.1291,258.9521,260.3169,259.8811,262.2126,262.3624,261.9974,260.5458,260.4836,260.4885,259.7629,260.3605,260.2685,259.7007,260.6216,259.9253,260.4044,259.5099,262.0017,260.6228,260.3871,260.3818,260.4352,260.6689,261.9655,260.0339,260.5739,260.6039,260.5698,260.4433,260.4686,260.7415,260.5483,259.824,260.0316,260.2821,260.2029,258.5675,260.2676,259.6537,261.3845,259.1385,260.3527,260.3753,261.6805,260.3811,259.3106,259.5937,261.7755,260.4644,259.5962,260.1995,261.979,260.4973,260.6306
260.4427,259.0073,256.9551,260.0548,260.2544,261.9424,261.8638,260.545,262.0487,261.8009,260.3405,260.4726,260.4474,262.4216,261.9475,259.6397,260.071,262.2601,260.577,259.5592,259.4503,261.9233,260.4906,262.1237,260.1365,260.0865,260.3298,260.1436,260.5561,260.3797,260.3208,260.1799,262.3345,262.5349,260.4199,262.3467,262.3874,262.3467,262.4429,262.6344,262.5478,262.2973,262.1931,260.5941,260.4986,260.2788,258.6528,260.1588,258.7697,259.8442,259.9197,260.2668,259.3281,259.8859,260.3459,261.4395,258.7291,260.2316,260.5269,260.184,261.9697,260.2088,259.8896,260.7892
260.2837,258.2226,256.631,257.9247,260.048,260.4931,259.8267,261.951,260.5477,259.8954,259.9871,260.4735,260.4649,260.408,261.6175,259.1862,260.3902,260.5406,260.3351,260.5075,260.4869,262.3634,260.7838,260.685,260.6163,260.6831,260.3923,260.5741,262.2084,260.476,260.3661,260.4948,262.3369,262.5099,260.502,260.7223,260.6891,260.0645,260.7902,262.6135,260.6282,260.5979,262.4266,260.4925,260.1476,260.3676,260.2132,259.4242,260.3114,260.4391,261.6669,259.8027,260.015,259.568,258.9141,260.2769,260.1445,259.8618,260.5825,260.5863,260.6449,262.015,260.3593,260.7686
261.7319,257.9421,259.2846,259.2479,261.6588,260.4829,259.6271,260.5277,259.7102,261.5921,258.9619,260.319,260.1983,258.6672,260.0638,260.011,259.9716,259.9172,259.315,261.7962,260.5409,262.6227,262.4121,259.9688,260.2375,262.0424,260.6066,262.0982,260.6906,260.3664,259.4182,260.2702,260.2882,262.1949,260.2922,262.1468,260.3957,260.3874,260.6297,262.3965,260.6404,260.4835,262.1739,260.2723,258.6991,259.3635,260.048,260.3824,261.8386,259.9328,259.1837,261.8931,261.9689,261.6824,260.3609,260.4564,260.2889,260.483,260.38,260.6732,262.1969,260.1989,260.0888,260.8872
260.4802,259.5686,259.3937,260.5465,260.3699,260.0665,260.4442,261.7209,259.135,260.3885,260.4373,260.3741,259.3185,259.4866,260.1039,261.987,260.4734,259.7742,261.6743,259.5444,262.0149,260.8298,260.6795,260.2841,258.6911,260.3566,260.2133,259.722,262.1248,260.4439,260.3893,262.058,260.156,260.5725,260.1777,260.6536,260.3019,260.6158,260.2717,260.6205,261.9811,259.4074,260.586,260.4497,261.562,259.8219,261.8311,260.0034,260.0529,259.6854,260.1788,260.4939,260.3925,259.8556,261.7874,260.3463,258.8127,260.3402,259.6906,262.136,260.6629,261.9457,260.5243,260.765
260.6295,260.7823,260.5771,260.7516,259.8591,258.5607,260.1436,259.7013,260.3522,260.6468,262.1261,260.6605,261.7668,260.3382,260.3863,260.1377,260.4835,261.9626,260.5595,260.3333,260.2377,261.9852,260.4651,259.0089,260.1422,260.3292,259.1042,260.4861,260.5892,260.744,262.4845,262.5009,260.3678,260.5888,260.4828,262.2594,260.6021,262.201,259.9222,260.3337,260.2467,259.9424,260.3142,260.3978,259.8954,260.3991,262.1955,260.5989,259.8922,260.2512,258.7055,260.1912,260.3573,260.2709,259.1408,259.6817,260.299,260.1295,262.0572,260.4506,260.3179,259.3245,260.4092,259.692
260.3835,262.5364,262.7708,262.3233,260.0125,259.5852,260.4803,260.1841,259.4427,261.8779,259.9472,261.9859,260.1451,259.3795,260.2183,259.0294,259.8592,260.0231,260.3459,260.3367,258.9908,260.2982,259.8981,259.9022,260.3675,260.3952,260.3575,261.901,260.4218,260.2485,262.3584,260.8334,260.748,260.5614,260.5669,262.0917,260.68,262.4153,260.7577,262.1567,259.8945,258.2506,260.1614,260.1807,258.5754,260.0287,260.787,262.106,260.0785,259.6489,261.6166,259.7226,260.3675,260.5168,260.3718,260.4189,260.388,260.637,262.388,260.679,260.4323,260.3964,261.9021,260.434
260.8394,260.8737,262.2558,260.7555,260.5,260.4161,261.983,261.8321,260.4257,260.2592,262.1277,260.5063,259.5366,260.3859,261.9577,261.9361,260.5194,261.954,260.5079,259.5058,260.2844,259.8252,260.4644,261.9888,260.4433,260.4468,260.3718,260.3852,259.0488,261.8653,260.2791,260.2212,262.3345,260.6233,260.0549,259.499,260.5233,262.6039,262.5807,260.7281,260.322,259.9762,259.6187,260.2839,259.291,260.4989,262.0294,260.4595,259.95,260.4592,262.1743,262.0697,260.545,260.4143,260.5133,260.2857,259.8715,261.9429,260.4892,262.1245,260.5219,259.8774,262.2009,260.5704
262.9203,262.2293,259.8699,260.5657,260.3304,259.8263,261.8733,259.2514,260.3247,260.6459,262.1573,260.1876,258.3897,260.2462,261.8484,260.4661,260.3961,260.0134,259.963,261.9599,260.3963,260.2164,259.7306,260.3553,260.3586,260.3335,260.3661,259.3522,260.1791,260.4872,260.4729,260.2411,260.7099,261.8996,258.9333,260.4914,262.0847,260.6465,262.2892,260.5171,260.0843,261.8323,260.4511,259.5049,260.3801,261.9535,260.3907,258.761,259.8441,260.1099,262.066,260.1225,260.1764,259.351,260.5151,260.3921,261.9537,260.4658,259.5199,260.4615,260.0159,261.932,260.5211,260.4841
260.8104,260.6923,261.8387,260.3398,262.0013,260.4206,260.5025,260.2184,259.3733,261.9993,260.5275,259.2007,260.1184,260.1455,258.6429,260.057,260.1601,262.0476,260.5413,260.4652,259.9471,258.6153,260.2751,260.4572,260.3864,258.7991,260.3241,260.461,260.5332,260.5344,260.3581,262.199,262.402,260.3271,260.3746,260.2117,262.049,259.7288,260.6031,260.251,258.9408,261.9502,260.5917,262.1262,260.6903,260.5166,259.4566,260.2155,260.3693,260.3549,260.3253,260.1433,260.5279,260.507,261.9268,259.6221,260.4916,260.4872,261.7496,259.598,260.0826,262.0045,259.5218,260.5062
259.3434,258.8423,260.373,259.6208,260.2175,259.8634,260.0542,258.738,261.3018,260.1915,260.3332,260.1625,260.4578,259.8782,260.1943,259.9609,260.3066,260.5916,260.3044,260.1626,261.6093,260.1978,260.2109,260.4958,260.3265,260.2966,260.6106,262.2763,260.5301,260.2674,259.7468,260.5217,260.9118,262.4832,260.6635,260.391,260.6318,260.6431,262.259,260.3259,260.2003,260.5873,260.341,260.6315,262.2827,262.2992,262.0152,260.4209,260.4453,260.0971,259.694,260.3699,261.9763,260.7995,262.0384,260.5417,261.9922,260.4893,259.6262,260.4153,260.4576,260.4121,260.3846,260.4116
254.7355,259.1241,259.9749,259.0217,260.2066,257.8881,259.8851,259.1938,260.0266,258.4947,259.3742,260.407,260.5581,260.704,260.4928,260.2485,258.8421,261.7538,260.1347,258.851,261.6647,262.476,260.7675,262.0214,259.2997,260.3253,260.5782,262.1369,260.0757,262.0298,260.4335,260.7104,262.4324,262.226,260.6202,260.4558,259.2979,260.6387,262.478,260.7255,260.5311,262.1941,260.251,260.3344,260.4334,260.6086,262.2011,259.8011,260.3539,259.0689,260.2322,258.826,260.1807,262.3681,260.5675,259.349,260.4852,260.3197,260.4002,260.367,260.3047,258.8131,260.4045,262.0427
258.7443,256.453,256.5807,256.756,256.5802,259.1683,260.213,261.262,258.368,260.1328,261.7028,260.1087,260.614,262.2553,260.3905,260.4453,260.2361,260.2707,259.3872,258.8182,260.3922,261.8221,260.6473,262.2679,260.4133,259.4698,260.326,260.4119,260.5476,262.4157,260.8074,262.4684,262.1518,259.7502,260.3998,260.447,260.4833,261.9268,260.6615,260.4561,260.5811,262.4295,262.3041,260.6444,260.0895,260.5774,262.0699,260.363,259.2256,260.3669,260.5297,259.7863,261.9195,260.7257,260.4386,260.2487,260.467,260.5944,260.1799,259.5763,260.3792,260.2796,259.6699,259.6276
259.6778,257.8662,259.667,257.8632,256.8244,259.1665,260.2576,259.9087,258.4192,260.212,262.4148,262.3784,262.5433,262.2101,259.5772,260.3695,260.0616,260.2973,258.733,259.3984,259.5597,258.7855,260.3771,262.215,260.6134,260.5834,262.0618,260.3637,262.0956,262.3452,260.6575,260.2818,260.5713,260.4788,260.4523,260.462,260.429,259.5042,260.2842,260.8443,260.1466,260.7812,262.1809,260.4679,262.0297,262.1117,259.9345,260.4557,261.8316,259.4074,261.8997,262.3612,260.7155,262.1152,259.5707,260.416,260.4428,262.3307,262.1789,262.0999,260.1908,259.4828,258.8922,257.2343
259.8741,259.5567,259.8476,260.345,257.6507,259.3659,259.82,257.9966,260.017,261.9336,262.4023,260.5583,260.8439,262.1498,260.4149,260.075,260.4912,261.8723,260.2861,258.2391,259.6548,260.3053,259.5711,260.3952,260.6465,262.3372,262.0228,259.713,260.2608,260.3975,260.4096,259.2408,260.2549,262.2651,260.5534,260.2826,260.4129,260.4726,262.0538,260.1113,260.5819,260.6945,260.3055,259.5601,260.4387,260.497,260.2595,260.52,262.1449,260.243,260.4109,262.6075,262.552,260.692,260.442,261.9732,260.0323,262.0544,260.4762,260.662,261.4207,257.6879,257.2616,259.8633
256.8455,259.2279,258.1892,261.179,259.6153,257.8188,259.5897,258.1362,260.0925,261.9088,260.2932,260.2845,262.2851,260.485,259.5249,260.5092,260.4727,260.2733,260.114,259.8302,259.0288,261.765,261.7053,259.8519,261.8034,260.529,260.0594,261.853,260.3438,262.1929,260.7078,261.9859,262.0033,262.472,260.5416,260.4981,258.9926,260.5241,262.421,260.5861,262.3557,262.2458,262.0681,260.4142,262.0599,260.4524,260.5177,260.1287,262.1011,260.7227,262.1586,260.7884,260.6736,260.4359,260.3037,260.5153,260.3527,260.2305,260.5072,260.5486,260.003,259.3862,259.5251,259.7985
259.8714,257.7588,259.6252,260.2157,260.0368,260.9883,258.2849,260.9174,260.2169,258.9863,260.4357,262.0644,260.6715,260.4642,260.3339,261.8339,260.291,258.5852,260.0544,258.5923,260.1488,260.5223,261.8311,258.9341,259.9981,260.5726,262.0399,259.882,260.2604,260.4539,262.0113,260.2737,260.0874,262.1622,260.5611,261.9459,260.4087,260.5149,262.5063,260.8028,262.2938,260.1915,260.3839,260.502,260.3327,260.4131,260.5592,260.2637,260.265,260.2237,260.3153,260.5825,260.2774,259.262,260.7685,262.1916,260.5987,262.2499,262.3072,260.5099,259.2574,260.3103,258.6439,259.9019
261.8734,260.054,260.0268,259.3189,258.7401,260.1211,261.1339,258.6466,258.9673,260.3574,260.4777,259.5982,260.2125,260.1189,259.1341,260.3705,259.2174,260.1529,260.487,261.7247,259.6406,260.2216,260.4649,260.1579,260.3907,260.6303,262.0873,260.2268,260.2981,258.9745,260.2571,260.495,260.6189,262.0468,259.6714,260.4665,260.2858,261.9574,260.7581,260.5487,261.989,261.7489,258.9647,260.187,260.4903,260.0642,262.2591,260.6047,262.2968,260.5979,260.2188,260.4784,260.4402,260.0795,260.2946,260.4241,260.2653,260.7475,262.284,259.789,260.3424,261.6986,260.2752,260.5401
262.4934,259.1439,259.3456,261.0799,258.8773,259.1478,261.5986,260.0091,260.3401,260.0868,260.5708,260.4604,260.6013,259.9783,258.628,260.2088,260.398,261.8134,262.0327,262.0596,260.3159,258.6124,260.1121,260.0223,260.3083,260.4496,259.5739,260.4639,260.4624,260.259,259.0622,260.4644,262.0313,260.2988,260.6569,260.204,258.8167,259.8792,260.4778,260.2762,259.117,260.2791,260.2242,260.4338,260.6121,260.2694,262.3473,260.7043,260.8002,260.3852,258.8745,260.3602,260.6067,260.4852,262.1118,259.7578,260.3267,260.5536,261.9479,260.5396,261.4653,259.5966,259.4171,258.9577
260.7722,260.3815,259.0415,258.7985,260.2541,260.4493,261.9839,260.065,260.4029,259.7011,262.1075,260.6801,262.0694,261.6525,259.5822,260.2849,260.3682,259.8089,259.8948,260.1057,260.392,260.1957,258.9052,258.149,259.7439,260.6346,260.6009,260.4932,260.3277,260.4948,260.4926,260.5031,260.4363,259.2647,261.9408,260.605,260.2805,259.2826,261.8684,260.4686,259.851,260.3385,258.6237,259.475,260.4976,262.2982,260.5677,260.7281,262.3782,260.1487,260.4376,260.288,262.1483,260.739,262.1408,260.4987,260.5634,260.2096,259.1629,260.1519,259.567,257.3473,256.867,259.6362
260.2833,260.3393,260.3069,258.7577,260.3077,262.2195,260.5381,262.2747,262.2688,260.6499,262.3688,262.071,259.6797,260.4855,260.0801,260.3262,260.4209,261.9386,261.9929,260.4465,260.1241,260.4065,260.2031,260.0262,260.3537,262.117,262.3307,260.3971,259.0813,260.5555,262.3272,260.6834,260.317,260.3441,259.9091,262.2831,261.9558,259.9633,260.3057,260.4376,260.5219,260.1936,260.2094,260.2804,262.04,260.5583,262.4127,262.5822,260.8267,260.5122,260.3252,259.5406,262.054,260.6458,260.3784,259.3926,261.7495,260.053,260.0653,259.8532,257.9516,257.8379,259.1077,256.8243
258.2317,261.6832,261.8193,260.2846,261.8509,260.6642,262.0083,260.7249,262.3331,262.5658,260.7327,260.2626,260.547,262.0359,260.1924,261.924,260.4256,260.0318,261.952,260.0536,259.5555,260.3544,259.2024,259.4236,260.4739,260.2798,260.4017,260.4728,260.2043,261.9687,260.6939,262.1248,260.0638,260.4808,260.5168,261.9673,260.6071,260.18,259.3058,260.4093,262.1457,260.5043,260.2357,259.6376,262.1099,260.6222,260.6358,262.4935,260.4716,260.3308,260.2027,261.9455,260.2145,260.6825,260.496,260.063,260.1342,259.1791,258.1027,259.7549,259.7729,261.2316,260.9026,258.7978
259.706,259.8362,261.4902,259.3476,260.4352,260.3117,259.0688,260.2771,260.4073,262.4304,262.1495,259.93,261.9458,262.3537,262.0617,260.4802,259.144,260.3857,259.7582,261.8538,260.3207,259.1384,260.5459,261.9937,262.2492,262.2349,260.2853,260.1653,262.1801,260.6053,259.8249,262.0486,260.4264,262.1053,260.3596,259.5083,262.0009,261.9187,260.4586,260.247,260.2871,260.2163,259.6995,261.7525,262.0063,260.5267,260.4957,262.432,260.5393,258.9138,260.4551,262.2845,260.5506,262.1972,260.6499,260.6627,261.6167,261.0539,259.4,257.7874,260.9656,262.6318,262.4771,260.5267
256.9133,257.8703,259.9271,260.3894,262.0162,260.5469,260.3335,260.5368,262.2144,262.2065,260.3503,260.3629,259.5204,260.6352,262.0848,259.4706,260.3299,260.5418,262.0475,260.4321,259.937,260.5216,262.0355,262.2393,260.5021,262.0676,260.5311,262.1055,260.6623,262.1917,260.5354,260.5324,259.6444,260.5706,260.5455,262.0572,260.4941,259.9315,262.0682,260.4342,258.9942,260.1342,261.7638,260.4694,259.5371,260.5036,260.2913,262.2034,260.3954,260.1608,260.1649,260.6879,260.4398,260.0518,260.6443,262.0285,260.0624,258.21,260.0559,256.8231,259.3414,260.7961,261.6953,260.7958
257.9018,259.485,260.0714,260.0295,259.8963,260.6687,260.5592,260.3137,260.499,260.2059,259.9785,260.5192,260.383,262.0739,260.6314,261.8072,260.5632,260.3051,260.4794,260.5694,262.1033,262.1283,260.0712,261.868,259.4802,260.3149,259.9003,262.0739,260.0755,260.668,260.5074,259.4983,260.4797,260.5563,260.4389,262.1026,260.6376,262.0759,260.5534,260.3978,260.3419,260.3048,258.9046,260.3102,260.4284,261.946,259.8498,262.0656,260.3665,260.3946,260.1759,260.5961,260.6133,260.5293,262.451,261.9017,258.9218,258.7154,257.9413,258.8468,256.5406,257.8774,258.5339,259.2957
260.2976,260.1203,259.6289,258.1512,260.1414,262.1104,262.0771,259.4667,259.4494,260.0332,260.5156,261.9925,259.6103,260.4504,260.3402,259.2544,261.8128,259.392,259.2484,261.8776,260.1937,262.0705,260.3873,260.3999,260.0801,260.3354,260.468,262.145,260.3542,262.2905,262.3327,262.1056,260.4581,262.0254,259.6298,260.4184,259.9213,262.1602,260.4696,259.5418,260.4159,260.414,260.2354,260.4447,260.5529,261.9275,261.8666,260.2589,260.4701,259.302,260.3855,260.3473,262.166,260.3901,262.287,260.5534,261.57,261.219,261.323,259.4203,259.953,256.2427,257.7924,255.6536
260.5852,261.5666,259.6925,259.9362,260.1643,260.2007,262.0624,260.5211,261.9671,260.5838,259.9601,261.9118,260.4291,259.6492,261.8113,260.3382,260.5038,260.3773,260.0944,260.5266,259.689,260.5201,260.5404,260.5363,260.2988,259.9958,259.9307,262.0409,260.4896,260.6306,260.5318,260.5278,260.1999,260.4358,260.4232,260.5773,260.3538,260.4486,260.5495,262.0274,260.3444,260.3737,260.4854,260.495,260.3159,259.2063,260.3165,262.0553,261.8929,260.4312,260.2841,259.6853,261.8732,261.9719,260.4039,260.3423,260.3183,260.3586,262.3905,260.7121,259.5968,259.6482,255.251,257.8389
260.5154,259.4517,259.6772,261.5497,259.1385,260.3919,260.5039,260.3293,262.0378,261.9989,261.9507,260.0939,259.645,261.6235,260.2692,260.4217,260.5188,260.2558,260.3931,261.7201,260.3894,260.3727,261.7862,261.9307,259.6641,260.0891,260.1928,261.7145,259.6747,260.3712,259.2752,260.2542,258.6233,258.9776,260.361,262.1369,260.4335,259.436,260.5849,262.1428,259.8885,259.6208,259.3106,260.3594,259.4725,259.9806,260.369,260.4105,259.4986,260.3018,260.122,258.8488,260.339,260.1537,259.0102,258.9638,259.2948,260.4226,261.9641,260.4891,260.291,258.9297,257.346,257.6631
260.6026,258.9137,260.2418,259.9537,259.8813,261.8942,260.3197,259,261.6448,259.424,260.4054,260.4108,260.3064,260.0366,258.5997,260.2411,261.6726,258.8073,260.0512,258.6432,260.1037,258.9103,259.383,261.9108,262.1662,262.0337,260.2968,260.402,262.0416,260.0301,260.4643,261.5257,259.2673,260.3187,259.1598,261.8712,260.3503,261.5678,262.0209,262.3434,260.0472,260.3758,260.2745,260.5442,260.4856,262.0538,260.5794,260.3047,260.0377,260.3497,260.4446,261.9005,260.4208,260.4139,260.5233,260.3139,261.8209,260.4411,259.619,261.7256,259.2073,260.0638,259.5062,261.0592
262.2213,260.3992,261.8217,260.646,260.7345,260.5995,259.6313,260.2571,260.0082,259.8565,259.4274,259.556,260.0466,258.351,259.2141,258.8821,260.3416,260.1524,258.6505,260.07,259.9078,258.8416,260.2961,260.3563,262.4387,260.6768,260.3929,260.7269,262.3701,260.38,259.1049,260.4631,260.404,259.7079,260.0017,260.0609,259.8777,258.7983,261.4589,260.82,260.7811,262.3874,260.7612,262.1167,260.4763,260.3976,260.5979,260.1224,258.7424,260.2043,260.4342,261.9797,260.3594,261.9805,262.2621,260.5644,262.5871,261.9774,260.1199,261.7852,260.3344,260.5875,262.1232,260.351
260.0233,259.6076,259.6705,259.9559,262.3148,262.0677,261.6384,259.2306,259.8939,260.5365,260.6105,262.0056,260.4402,260.0415,258.6793,259.3545,260.283,258.9357,260.2671,260.4276,260.2175,260.3481,260.5,260.3859,260.5717,260.3591,259.7286,262.1952,260.7924,260.5203,260.2086,260.4287,259.4686,261.8195,260.2329,261.8772,259.6874,258.1235,261.0262,262.337,262.1052,262.3601,260.452,260.3792,259.5504,259.9248,260.6693,262.073,261.8245,260.0638,260.0575,260.4154,259.077,260.27,260.4152,262.3098,260.9042,262.1657,259.8262,260.2942,260.0304,260.0711,260.3024,261.0497
257.1074,257.5537,257.7248,259.9073,260.6272,260.3539,259.0016,260.3115,260.2067,261.5603,262.1481,262.472,260.4443,261.6901,260.2249,261.4875,260.2597,258.8039,261.5266,261.6106,258.6935,260.2879,260.5095,259.6405,260.2535,259.8484,261.8857,262.4005,262.3324,260.1055,260.5623,261.6133,261.395,260.1969,259.9277,260.4044,259.7513,257.7608,260.517,259.8922,259.6539,260.4914,260.4339,259.8059,259.6395,259.6526,260.595,260.801,262.429,260.5046,260.4408,260.0515,260.2659,260.5233,262.1543,260.5653,262.3783,260.7772,261.9118,260.2556,259.8114,258.2797,260.8906,258.5042
259.7439,258.2387,260.8203,260.163,260.33,259.7653,260.0832,259.4076,259.3202,258.6566,261.7284,262.0883,259.8683,261.5464,259.0469,259.7168,259.6299,260.147,259.6638,260.3191,259.0576,260.4099,262.299,262.119,260.5417,261.7753,259.9814,260.4716,260.7152,261.8964,261.2547,259.5129,258.2788,259.9891,258.9345,260.3042,261.4856,259.3665,257.1421,259.0782,259.7094,260.3422,261.9413,260.3694,260.3429,260.5366,260.1245,260.3851,262.4603,260.643,260.306,260.2557,260.4966,260.2267,260.4763,262.2833,260.532,262.2049,260.3312,259.4351,260.9474,257.7856,259.5085,260.8966
260.4438,259.7794,259.8092,261.0498,259.7527,260.1201,261.4709,257.975,256.6821,260.0212,259.7428,260.5155,260.2482,260.2253,258.5485,259.4755,258.3553,260.2796,261.8994,259.6985,260.4035,262.1036,262.4155,260.5264,260.0872,259.2115,260.1349,260.1144,259.5256,259.0467,259.0891,257.0869,259.6424,261.3595,261.8743,260.2009,260.6864,259.7585,259.563,256.8446,260.2523,258.8456,260.4469,261.9847,260.387,261.8369,259.7027,262.0849,260.7549,260.3925,259.842,259.0802,261.9777,262.0836,262.0293,260.6224,260.5229,260.2003,259.9607,260.8463,259.3489,259.0094,257.3949,258.8559
260.4765,259.6892,257.6754,258.632,257.7048,260.1303,261.7751,259.7557,258.3253,256.2541,258.9471,260.2897,258.8036,260.2852,260.1665,260.2908,260.1226,260.5294,262.2387,260.1928,259.9633,260.4292,261.6034,259.095,259.222,257.8881,261.465,260.7079,257.4673,256.3466,256.9138,259.1031,258.6315,261.8103,260.2729,260.0651,261.8919,260.7167,257.7259,256.3109,260.149,260.0742,259.9739,260.235,258.994,260.4359,260.6254,261.7925,260.0085,260.335,260.3433,261.6981,260.5817,260.3687,259.4091,260.3025,261.6388,259.6995,257.8418,258.7969,257.2946,257.6211,259.4055,260.5112
