258.4401,262.2155,260.8504,262.4395,260.968,263.0244,262.7824,260.7797,261.2607,264.6101,263.469,265.0654,265.0654,261.3937,263.3691,263.3153,261.3566,264.6588,263.2239,263.5114,265.6189,265.9912,265.945,264.1147,266.2311,266.3309,266.1966,263.7166,262.4026,265.7513,264.1588,265.4172,265.4172,265.4172,262.3926,268.1038,268.1038,268.1038,268.2849,266.8491,266.8491,265.7514,268.7066,269.29,269.1674,266.8626,266.6825,266.8062,269.031,266.8555,266.7045,266.5731,266.5731,269.6352,269.8747,270.1619,272.3336,272.3956,272.3956,272.0909,272.1398,271.9015,270.2405,272.2211
260.3885,260.367,259.6415,259.4447,261.9204,260.9661,260.8356,259.9584,261.0708,262.7551,261.5504,262.9937,262.9937,262.7953,262.8409,262.8827,262.9803,262.7408,260.8545,262.1953,263.7755,263.8024,263.9138,265.7038,265.9107,264.168,265.7307,265.1916,265.0294,266.4264,265.1795,265.5036,265.5036,265.5036,262.8065,266.4352,266.4352,266.4352,266.1404,266.6537,266.6537,266.2545,268.1732,267.2059,268.9395,269.0018,268.8606,268.7046,268.9718,268.6834,268.4338,267.0793,267.0793,268.7716,269.6156,272.4454,271.1418,271.5968,271.5968,270.0337,269.94,270.1867,269.7726,272.7259
260.4393,258.6076,260.104,259.9236,259.8394,262.1763,260.3454,262.188,260.7026,262.5677,260.7985,260.7856,260.7856,260.8831,260.859,261.0756,261.5907,264.1111,262.2994,262.7084,263.3255,262.8544,265.3973,267.2595,265.8276,263.7596,263.5264,264.3236,265.5525,265.1873,262.9873,262.8581,262.8581,262.8581,260.4247,262.772,266.4352,266.4352,266.1404,266.6537,266.6537,268.7883,266.1695,269.4239,269.2923,270.8535,270.326,267.6044,268.7955,267.0797,268.6867,268.7047,268.7047,271.075,269.9127,271.6401,270.2662,270.0389,270.0389,271.8734,271.6613,269.8871,272.1419,270.0771
260.2448,260.1186,259.7374,259.8969,261.6346,260.3925,260.266,262.2428,262.4989,260.8449,262.2911,260.7856,260.7856,260.8831,260.859,261.0756,261.5907,264.1111,262.2994,262.7084,263.3255,262.8544,265.3973,267.2595,265.8276,263.7596,263.5264,264.3236,265.5525,265.1873,262.9873,262.8581,262.8581,262.8581,260.4247,262.772,266.4352,266.4352,266.1404,266.6537,266.6537,268.7883,266.1695,269.4239,269.2923,270.8535,270.326,267.6044,268.7955,267.0797,268.6867,268.7047,268.7047,271.075,269.9127,271.6401,270.2662,270.0389,270.0389,270.7411,272.0357,271.8931,271.2998,269.1439
257.9562,259.9496,260.0807,261.5023,259.9873,260.4198,260.3399,260.2697,260.6755,260.4889,259.976,261.1101,261.1101,263.5118,260.9534,260.7058,261.1792,261.4608,263.0171,263.4556,262.4784,263.3552,265.3751,265.8889,264.3141,265.7941,265.6572,265.4155,263.3261,264.0959,265.4175,265.1937,265.1937,265.1937,265.4109,265.6001,265.6001,265.9216,266.2356,266.3784,266.3784,267.2073,269.4547,268.7857,269.1546,268.8076,267.1829,268.6893,267.4576,269.1395,269.184,270.6777,270.6777,269.6479,269.9331,271.5821,270.2814,271.9083,271.1931,270.8482,273.1228,272.9824,271.159,268.7975
260.0383,260.0347,258.6188,260.2117,260.3797,260.0746,259.1143,260.4394,260.2505,260.5364,260.5479,262.3627,262.3627,260.503,260.9568,260.6742,261.4153,263.8941,264.6343,263.1129,264.8516,263.5496,263.4597,265.4566,265.5923,265.6556,266.0849,265.8796,266.4066,263.4602,265.1432,263.0667,263.0667,263.0667,267.4846,266.1978,266.1978,264.9529,267.8509,266.721,266.721,268.7564,269.9685,267.4182,268.8121,267.252,268.6389,267.0432,268.9945,270.1967,267.6218,268.5231,268.5231,269.6653,269.8253,272.547,270.4248,272.8168,271.9578,271.1342,273.0573,270.4002,269.142,270.6022
260.2512,260.2512,260.2512,260.2512,260.2512,260.2738,261.8094,260.4825,261.4904,259.8966,260.5218,260.7229,260.7229,262.4295,260.9924,261.1907,261.5648,264.2616,263.1623,262.0916,264.7615,263.4471,263.3915,265.2254,263.5102,263.5853,265.5469,265.581,263.7789,265.1126,262.9873,265.214,265.214,265.214,265.342,264.821,264.821,266.205,266.4816,265.8697,265.8697,267.2578,268.8701,267.3984,267.0678,267.3195,267.3065,268.8293,268.9568,267.7257,268.8344,267.6659,267.6659,269.0829,271.3319,271.8904,270.1187,270.1372,271.8042,270.5509,272.1456,271.6986,272.4301,269.2508
260.2512,260.2512,260.2512,260.2512,260.2137,259.4842,260.3743,261.4578,261.4578,260.4663,260.516,262.5118,262.5118,261.1737,263.8471,262.8978,263.7851,263.0222,261.8444,262.277,264.7758,263.5565,263.6969,263.7574,265.4887,265.4858,263.6783,263.5157,265.4173,263.4711,263.0378,265.3954,265.3954,265.3954,265.9525,266.3464,266.3464,266.3578,265.9673,266.402,266.402,266.6604,269.6103,268.7234,266.9045,267.0862,269.6103,267.2654,267.3947,269.7167,267.1331,268.9383,268.9383,269.2074,271.3074,271.5896,271.4812,269.5677,271.661,272.1515,273.8095,272.0364,272.7477,271.7076
260.2512,260.2512,260.2512,260.2512,260.2512,260.3488,262.0996,261.4578,261.4578,260.5275,260.8646,260.8358,260.8358,262.6258,262.9609,261.4417,261.5934,261.6723,264.1999,264.2389,263.0733,263.1143,263.4849,266.4305,266.1218,265.7249,263.6638,263.589,265.5121,263.8874,263.843,263.8495,263.8495,263.8495,263.9539,267.8275,267.8275,265.7763,266.2733,266.2275,266.2275,268.2169,266.7402,268.4424,266.7951,267.6882,267.8335,267.7645,267.6247,267.6377,269.0951,268.7981,268.7981,271.0659,269.578,269.666,269.5544,269.8535,270.1787,272.0736,274.0966,271.8793,269.6938,271.9679
260.2512,260.2512,260.2512,260.2512,260.2512,260.0211,260.4798,260.2348,259.8694,262.1234,260.6353,260.3882,260.3882,260.8366,262.6553,260.9738,262.9488,264.0262,262.5621,262.312,261.1164,262.5668,263.5408,265.2526,266.8924,264.268,265.646,265.6482,263.9598,265.7479,266.3124,263.6104,263.6104,263.6104,264.5255,266.0663,266.0663,265.6757,267.9685,266.5035,266.5035,268.1751,268.4731,266.8739,269.4812,267.2931,268.7868,267.0421,266.9462,267.5693,270.4883,271.2914,271.2914,269.0583,271.2566,271.4966,271.5239,271.189,271.189,271.189,274.1894,271.368,271.3123,269.766
260.532,260.3273,258.8687,259.5143,259.9705,259.9705,259.8289,262.0391,260.2941,260.2466,262.2393,260.2751,260.2751,262.3128,260.7994,262.6834,261.5133,262.0601,262.1109,262.1109,262.7223,261.6266,261.6514,263.7042,265.8381,264.3069,264.207,265.7291,263.8176,265.6838,264.1139,264.15,264.15,264.15,264.4686,265.0653,265.0653,267.7281,266.2995,268.0848,268.0848,266.6599,268.6376,266.9773,268.8351,267.6347,267.6347,268.8898,268.8653,269.0327,270.9283,269.5446,269.5446,271.2777,269.7016,269.6989,269.9338,272.4311,270.8894,270.8894,272.6805,272.5588,273.2054,271.722
260.532,260.3273,258.8687,259.5143,259.9705,259.9705,259.8289,262.0391,260.2941,260.2466,262.2393,260.2751,260.2751,262.3128,260.7994,262.6834,261.5133,262.0601,262.1109,262.1109,262.7223,261.6266,261.6514,263.7042,265.8381,264.3069,264.207,265.7291,263.8176,265.6838,264.1139,264.15,264.15,264.15,264.4686,265.0653,265.0653,267.7281,266.2995,268.0848,268.0848,266.6599,268.6376,266.9773,268.8351,267.6347,267.6347,268.8898,268.8653,269.0327,270.9283,269.5446,269.5446,271.2777,269.7016,269.6989,269.9338,272.4311,270.8894,270.8894,272.6805,272.5588,273.2054,271.722
258.7396,258.7396,258.7396,258.7396,260.2288,260.2288,258.7396,258.7396,258.7396,258.7396,262.2923,262.5713,262.5713,262.8238,263.1293,262.8774,261.1569,261.58,263.1754,263.1754,263.3546,263.2271,263.6793,263.6737,266.4791,265.6607,265.4644,264.0579,264.4232,266.6783,266.9226,264.2787,264.2787,264.2787,265.2073,265.2073,265.2073,267.1432,267.1432,268.3462,268.3462,267.6477,267.3795,267.3101,267.3533,267.7901,267.7901,267.9186,267.986,268.8371,269.4254,268.4982,268.4982,269.0091,270.4598,270.1109,270.1109,271.7534,271.7534,271.7534,272.758,272.758,272.6603,272.6603
258.7396,258.7396,258.7396,258.7396,259.7497,259.7497,258.7396,258.7396,258.7396,258.7396,262.2212,260.6515,260.6515,262.6198,263.1562,263.2314,263.0375,263.0925,264.5513,264.5513,264.6842,261.8655,262.8727,266.2297,263.927,263.6682,263.7675,266.4565,266.4772,264.505,264.4065,265.8399,265.8399,265.8399,265.2073,265.2073,265.2073,267.1432,267.1432,266.7378,266.7378,267.6477,267.3795,267.3101,267.3533,267.7901,267.7901,267.9186,267.986,268.8371,269.4254,269.52,269.52,269.0091,270.4598,270.1109,270.1109,271.7534,271.7534,271.7534,272.758,272.758,272.6995,272.6603
258.7396,258.7396,258.7396,258.7396,257.5088,257.5088,258.7396,258.7396,258.7396,258.7396,261.3315,260.4423,260.4423,260.9813,264.0077,261.9934,263.1596,261.7015,263.3756,263.3756,263.1278,263.3839,264.954,265.7113,264.7796,264.7796,265.542,264.1349,264.1986,263.9802,263.9648,265.8298,265.8298,265.8298,265.9063,265.9092,265.9092,268.9913,268.9913,268.9913,268.9913,267.9755,267.604,267.5757,267.9316,267.7543,267.7543,267.9905,268.5114,268.6864,269.6708,271.7675,271.7675,270.6263,270.6263,270.7888,270.7888,271.6795,271.6795,271.6795,272.8721,272.8721,272.9581,272.9581
259.6558,257.37,260.1407,257.3818,257.696,257.696,258.6136,258.6136,258.6136,258.6136,258.8474,260.5491,260.5491,261.0283,263.8733,264.5992,263.4487,263.2638,263.59,263.59,263.4238,265.0044,263.6898,265.8397,264.7796,264.7796,264.399,265.8542,265.7706,265.6897,264.0314,264.0523,264.0523,264.0523,265.9092,265.9092,265.9092,268.9913,268.9913,268.9913,268.9913,268.5337,267.0818,268.6881,267.8799,268.1499,268.1499,269.0087,269.3211,268.697,271.1204,271.6906,271.6906,271.5738,270.1979,271.7291,272.9569,272.4829,272.4829,272.4829,274.3001,272.695,272.4547,272.7221
257.719,259.692,259.7076,258.813,259.7184,259.7184,261.5205,260.5331,259.7301,261.7022,260.1785,260.6606,260.6606,262.4694,261.2552,262.5768,262.6601,262.9015,265.1478,265.1478,262.2717,263.092,263.5752,265.4314,265.8244,264.1278,265.5489,266.5468,263.9655,263.8121,265.7134,264.1029,264.1029,264.1029,266.0084,266.0084,269.0377,269.7037,268.9913,268.9913,268.9913,268.5337,267.0818,268.6881,267.8799,268.1499,268.1499,269.0087,269.3211,268.697,271.1204,271.6906,271.6906,271.5738,270.1979,271.7291,272.9569,272.4829,272.4829,272.4829,274.3001,272.695,272.4547,272.7221
257.719,259.692,259.7076,258.813,259.7184,259.7184,261.5205,260.5331,259.7301,261.7022,260.1785,260.6606,260.6606,262.4694,261.2552,262.5768,262.6601,262.9015,265.1478,265.1478,262.2717,263.092,263.5752,265.4314,265.8244,264.1278,265.5489,266.5468,263.9655,263.8121,265.7134,264.1029,264.1029,264.1029,266.0084,266.0084,269.0377,269.7037,268.9913,268.9913,268.9913,268.5337,267.0818,268.6881,267.8799,268.1499,268.1499,269.0087,269.3211,268.697,271.1204,271.6906,271.6906,271.5738,270.1979,271.7291,272.9569,272.4829,272.4829,272.4829,272.4829,271.0466,271.0466,271.0466
258.9724,261.6809,262.0977,259.9773,260.2749,260.2324,260.2409,260.2324,262.2578,262.2578,262.2578,260.8749,260.8749,260.9214,264.0675,264.0675,264.0675,264.0675,263.2583,263.2583,263.1643,264.4353,264.4353,263.6775,263.6775,263.6775,265.3315,263.8004,265.8017,266.0452,266.0421,266.0835,266.0835,266.0835,265.9651,265.9651,268.9913,268.9913,268.9913,268.9913,268.9913,268.2206,268.6657,268.155,267.8742,267.9978,267.9978,269.1194,269.1268,270.0976,270.771,269.7145,269.7145,270.4844,270.5081,272.1617,272.1617,272.6484,272.4829,272.4829,272.4829,271.0466,271.0466,271.0466
259.0823,261.6895,260.4498,260.1336,260.521,260.521,260.758,262.1911,259.9438,262.114,260.7464,263.8549,263.8549,262.8693,262.9308,261.6214,263.6823,261.1828,262.9873,262.9873,263.3552,265.0909,263.7797,263.3908,263.3163,265.4141,265.5417,264.0328,265.9454,267.3588,264.4431,266.0388,266.0388,266.0388,266.0873,266.0873,265.9427,266.4066,268.441,268.9913,268.9913,267.2269,269.1072,270.0558,268.94,268.94,268.94,268.94,268.1863,269.2196,271.2649,269.383,269.383,271.3682,270.6539,273.2899,274.2703,271.5435,272.1733,272.1733,272.4829,272.4951,273.1657,269.5981
259.0823,261.6895,260.4498,260.1336,260.521,260.521,260.758,262.1911,259.9438,262.114,260.7464,263.8549,263.8549,262.8693,262.9308,261.6214,263.6823,261.1828,262.9873,262.9873,263.3552,265.0909,263.7797,263.3908,263.3163,265.4141,265.5417,264.0328,265.6056,265.6056,265.6056,266.0388,266.0388,266.0388,266.0873,266.0873,265.9427,266.4066,268.441,268.9913,268.9913,267.2269,269.1072,270.0558,268.94,268.94,268.94,268.94,268.1863,269.2196,271.2649,269.383,269.383,271.3682,270.6539,273.2899,274.2703,271.5435,272.1733,272.1733,272.4829,272.4951,273.1657,269.5981
262.5904,259.8897,258.7325,260.0342,259.7287,259.7287,260.5683,262.2671,261.9711,262.1466,262.1944,260.459,260.459,262.026,262.026,262.026,262.026,262.026,263.3952,263.3952,263.0498,263.5223,265.2687,265.5357,265.5336,263.5244,263.7003,265.6965,265.3245,265.3245,265.3245,265.0855,265.0855,265.0855,265.8271,265.8271,265.8271,267.3035,267.3035,269.4535,269.4535,268.5248,269.001,269.001,269.4906,269.4906,269.4906,269.9626,269.9626,270.8806,270.983,271.5159,271.5159,271.0417,271.0417,272.1337,272.1337,272.6859,272.6859,272.6859,272.8877,272.7955,272.7955,272.7955
260.4128,259.6308,259.7784,260.3001,260.149,260.149,261.9975,260.2647,261.744,259.9812,260.1089,262.0813,262.0813,262.026,262.026,262.026,262.026,262.026,263.2815,263.2815,263.1198,263.4064,265.2708,263.6635,265.5404,265.6272,264.1749,266.031,267.1648,264.4857,265.9771,264.4301,264.4301,264.4301,266.1828,266.1828,266.1828,267.2347,267.2347,266.8399,266.8399,268.5248,269.001,269.001,269.4906,269.4906,269.4906,269.9626,269.9626,270.8806,270.983,270.0727,270.0727,271.0417,271.0417,272.1337,272.1337,272.6859,272.6859,272.6859,272.8877,272.7955,272.7955,272.7955
260.1029,257.8057,259.4498,260.2696,260.5407,260.5407,260.3262,260.2784,261.6923,261.9525,260.5442,260.2732,260.2732,262.026,262.026,262.026,262.026,262.026,263.2238,263.2238,261.2979,262.9495,263.9733,265.6506,265.9747,265.8642,265.9699,267.5522,267.1648,264.4857,265.9771,264.4301,264.4301,264.4301,266.1828,266.1828,266.1828,267.2347,267.2347,268.4892,268.4892,268.1818,268.6986,268.1818,269.2524,269.2524,269.4221,269.4221,271.3212,269.967,273.0752,271.9991,271.9991,271.9903,271.9903,271.9903,271.9903,272.9975,272.9975,272.9975,273.001,273.1054,273.1054,272.4857
259.9344,259.9344,259.9344,259.9344,259.9344,260.4086,259.5751,259.765,259.385,260.1777,260.4764,262.2932,262.2932,262.7662,262.7431,262.7662,262.7662,261.8107,262.9347,262.9347,263.1357,264.1182,264.1182,264.1182,264.1182,264.1182,264.525,266.1617,265.9442,265.9442,265.9442,266.6199,266.6199,266.6199,266.6351,266.6351,266.6351,267.5266,267.5266,268.4892,268.4892,268.1818,268.6986,268.1818,269.2524,269.2524,269.4221,269.4221,271.3212,269.967,273.0752,271.9991,271.9991,271.9903,271.9903,271.9903,271.9903,272.9975,272.9975,272.9975,273.001,273.1054,273.1054,272.4857
259.9344,259.9344,259.9344,259.9344,259.9344,261.9281,261.9903,260.45,261.8171,260.469,261.4667,262.7162,262.7162,262.7662,262.7662,262.7662,262.7662,262.9548,264.5794,264.5794,263.227,264.1182,264.1182,264.1182,264.1182,265.8766,266.0305,265.91,265.9832,265.9832,265.9832,267.8038,267.8038,267.8038,266.6351,266.6351,266.6351,267.5266,267.5266,267.468,267.468,268.3244,268.6493,268.6493,269.2727,269.2727,269.2727,269.9448,269.9448,271.355,271.355,270.2496,270.2496,271.8606,272.3867,272.3867,272.3867,272.9191,272.6326,272.6326,273.0835,273.0835,273.3488,273.3488
259.9344,259.9344,259.9344,259.9344,259.9344,260.4024,260.4064,260.4582,259.9287,261.8949,260.4151,263.4388,263.4388,262.7662,262.7662,262.7662,262.7662,263.3471,264.6602,264.6602,263.5222,264.1182,264.1182,264.1182,264.1182,264.5211,265.8364,264.3895,266.1067,266.1067,266.1067,265.0397,265.0397,265.0397,266.5327,266.5327,266.5327,267.2468,267.2468,269.0312,269.0312,268.3616,268.8227,268.8227,269.2511,269.2511,269.2511,269.8194,269.8194,270.2955,270.983,271.5786,271.5786,271.2444,271.2444,273.4282,273.4282,274.2267,274.3662,274.3662,273.3264,273.363,273.5931,273.5931
259.9344,259.9344,259.9344,259.9344,259.9344,259.2206,259.3576,260.2987,258.835,260.312,262.2219,260.9148,260.9148,262.7662,262.7662,262.7662,262.7662,263.067,262.2055,262.2055,264.4118,264.1182,264.1182,264.1182,264.1182,264.1182,264.469,265.9883,265.9707,265.9707,265.9707,265.8384,265.8384,265.8384,266.5327,266.5327,266.5327,267.2468,267.2468,267.536,267.536,268.3616,268.8227,268.8227,269.2511,269.2511,269.2511,269.8194,269.8194,270.2955,270.2955,269.8689,269.8689,271.2444,271.2444,273.4282,273.4282,274.2267,272.658,272.658,273.3264,273.363,273.5931,273.5931
259.6608,257.6386,258.0547,259.9177,260.2079,260.2079,261.5939,259.4002,260.3668,260.4825,260.8221,262.4444,262.4444,261.0651,262.7825,263.4203,263.088,262.5717,263.1763,263.1763,262.7869,261.9255,264.2389,264.1888,264.1888,266.3108,265.508,265.508,265.6727,266.0704,266.2792,265.8033,265.8033,265.8033,268.6822,266.4745,266.4745,266.4745,267.1672,266.8795,266.8795,268.8682,268.989,267.966,269.4126,269.4126,268.8644,268.8644,271.3385,269.7668,269.6673,269.7385,269.7385,273.4897,272.7503,274.6847,275.8856,272.5677,272.5677,272.5677,272.5677,274.0278,274.0278,274.0278
259.6608,257.6386,258.0547,259.9177,260.2079,260.2079,261.5939,259.4002,260.3668,260.4825,260.8221,262.4444,262.4444,261.0651,262.7825,263.4203,263.088,262.5717,263.1763,263.1763,262.7869,261.9255,264.2389,264.1888,264.1888,266.3108,265.508,265.508,265.6727,266.0704,266.2792,265.8033,265.8033,265.8033,268.6822,266.4745,266.4745,266.4745,267.1672,266.8795,266.8795,268.8682,268.989,267.966,269.4126,269.4126,268.8644,268.8644,271.3385,269.7668,269.6673,269.7385,269.7385,273.4897,272.7503,274.6847,275.8856,272.5677,272.5677,272.5677,272.5677,274.0278,274.0278,274.0278
259.6608,257.6386,258.0547,259.9177,260.2079,260.2079,261.5939,259.4002,260.3668,260.4825,260.8221,262.4444,262.4444,261.0651,262.7825,263.4203,263.088,262.5717,263.1763,263.1763,262.7869,261.9255,264.2389,264.1888,264.1888,266.3108,265.508,265.508,265.6727,266.0704,266.2792,265.8033,265.8033,265.8033,268.6822,266.4745,266.4745,266.4745,267.1672,266.8795,266.8795,268.8682,268.989,267.966,269.4126,269.4126,268.8644,268.8644,271.3385,269.7668,269.6673,269.7385,269.7385,273.4897,272.7503,274.6847,275.8856,272.5677,272.5677,272.5677,272.5677,274.0278,274.0278,274.0278
260.5606,259.7391,260.3484,259.3601,261.863,260.5222,260.085,260.5189,260.4868,262.151,260.6418,260.6915,261.1189,262.6479,263.3254,264.3426,263.239,262.3053,263.6982,264.1579,264.7937,264.4049,265.5428,266.1445,266.1445,266.1445,266.4856,266.2655,266.2467,266.2655,266.2655,266.6416,266.6416,266.6416,266.8371,267.0071,266.8922,266.835,267.081,266.5371,266.5371,267.5631,268.3274,268.5771,269.1602,269.7829,269.4987,269.4987,270.1901,270.0018,270.0883,269.6726,269.6726,269.5949,272.0083,273.6262,273.6262,274.1875,274.1875,273.8741,273.3688,272.752,272.7065,272.7065
260.4541,258.569,259.3118,259.6537,261.8454,262.4185,261.983,259.835,260.6163,260.9289,260.4738,262.1096,262.6738,263.1569,262.2614,262.4461,262.1193,261.733,261.8311,262.5434,263.8309,265.5631,266.4244,266.1445,266.1445,266.1445,266.6416,266.2655,266.2467,266.2655,266.2655,266.6416,266.6416,266.6416,266.8371,267.0071,266.8922,266.835,267.081,268.2098,268.2098,267.5631,268.3274,268.5771,269.1602,269.7829,271.3048,271.3048,270.1901,270.0018,270.0883,269.5171,269.5171,269.5949,272.0083,273.6262,273.6262,274.1875,274.1875,273.8741,273.3688,272.752,272.7065,272.7065
259.4276,258.9528,259.6007,259.3329,261.9398,260.6667,260.3191,260.7752,262.2232,260.7867,262.0668,261.3643,262.7635,262.6371,260.9806,259.9762,259.4719,259.3839,259.6895,261.1805,263.2231,265.1852,266.6358,266.5311,266.5311,266.5311,266.6416,266.531,266.5737,266.531,266.531,266.6416,266.6416,266.6416,266.7733,266.7733,267.1732,267.1732,267.1732,266.9176,266.9176,268.3274,268.3274,268.5771,269.1602,269.7829,270.2098,270.2098,270.1901,270.0018,270.0883,271.4682,271.4682,272.0083,272.0083,272.8753,273.7191,273.7191,273.7191,273.8741,273.3419,272.7065,272.7065,272.7065
254.7247,258.4634,260.8735,261.7048,260.4107,260.6273,262.2996,262.4072,262.2482,261.8516,260.6591,261.268,261.0845,259.8234,258.3042,256.9651,256.3521,256.4337,257.6469,259.9032,262.444,264.6677,266.471,266.5311,266.5311,266.5311,266.6416,266.531,266.5737,266.531,266.531,266.6416,266.6416,266.6416,266.7077,266.7077,267.2736,267.2736,267.2736,266.9176,266.9176,268.3274,268.3274,268.5771,269.1602,269.7829,270.2098,270.2098,270.1901,270.0018,270.0883,271.4682,271.4682,272.0083,272.0083,272.8753,273.7191,273.7191,273.7191,273.8741,273.3419,272.7065,272.7065,272.7065
257.5759,256.7257,259.4333,260.2351,259.6528,260.5869,262.2693,261.3624,260.7173,260.0755,260.2503,259.6196,258.1048,256.4255,254.6354,253.2442,252.8094,253.4654,255.5882,258.611,261.5934,264.1233,266.141,266.5311,266.5311,266.5311,266.6416,266.6416,266.5737,266.6416,266.6416,266.6416,266.6416,266.6416,266.6416,266.6416,266.9464,266.9464,266.9464,267.9581,267.9581,269.4571,269.4571,269.8324,270.1967,270.64,270.397,270.397,270.3598,270.6384,271.4862,271.9271,271.9271,272.1163,271.9131,272.2079,272.7567,272.7567,273.2253,273.3042,272.1151,271.5237,271.5237,272.465
261.0655,257.9282,258.1897,261.3003,261.8935,260.8398,260.6399,260.3582,259.7693,260.362,259.108,256.9529,254.7169,252.457,250.432,249.0732,248.9947,250.4823,253.5296,257.2194,260.5979,263.4602,265.644,266.6416,266.6416,266.6416,266.6416,266.6416,266.6416,266.6416,266.6416,266.6416,266.6416,266.6416,266.6416,266.6416,266.6617,266.6993,266.6993,266.8467,266.8467,270.2088,270.2088,271.0875,271.0709,271.026,270.918,270.918,270.6188,270.6401,271.5524,272.0677,272.0677,272.2029,272.2606,272.6923,273.0673,273.0673,273.2845,273.4923,273.21,272.9111,272.9111,272.8035
260.3108,259.7283,259.7485,260.1778,260.3592,260.3386,260.3657,259.5961,260.4759,259.5459,257.0021,254.063,250.8895,248.1011,245.8792,244.6485,245.151,247.4378,251.3326,255.5468,259.3709,262.5597,264.9136,266.6416,266.6416,266.6416,266.6416,266.6416,266.6416,266.6416,266.6416,266.6416,266.6416,266.6416,266.6416,266.6416,266.6594,266.6795,266.6795,266.6416,266.6416,268.4013,268.4013,271.0875,271.0709,271.026,270.918,270.918,270.6188,270.6401,271.5524,273.0654,273.0654,272.2029,272.2606,272.6949,273.0673,273.0673,273.2845,273.4923,273.21,273.6902,273.6902,272.8035
259.697,257.604,258.2852,258.6117,259.2155,260.4122,260.3441,260.3929,259.8214,257.6376,254.5789,250.7617,246.7832,243.4636,241.0983,240.081,241.2349,244.2988,248.8732,253.5704,257.8438,261.383,264.0368,266.6416,266.6416,266.6416,266.6416,266.6416,266.6416,266.6416,266.6416,266.6416,266.6416,266.6416,266.6416,266.6416,266.6416,266.6416,266.6416,266.6416,266.6416,267.2333,267.2333,271.2993,271.3535,271.2622,271.2837,271.2837,271.4953,269.7587,269.7453,271.7034,271.7034,272.1866,272.9213,274.8443,272.7554,272.7554,272.5387,272.5387,272.5387,273.2762,273.2762,269.9433
255.8555,254.382,254.7808,256.9037,259.3333,261.3592,261.3336,259.6131,258.3852,255.4496,251.5845,247.0087,242.3217,238.5692,236.108,235.4438,237.126,240.947,246.1124,251.2984,256.012,259.9467,262.997,266.6416,266.6416,266.6416,266.6416,266.6416,266.6416,266.6416,266.6416,266.6416,266.6416,266.6416,266.6416,266.6416,266.6416,266.6416,266.6416,266.6416,266.6416,267.2333,267.2333,271.2993,271.3535,271.2622,271.2837,271.2837,271.4953,269.7587,269.7453,271.7034,271.7034,272.1866,272.9213,274.8443,272.7554,272.7554,272.5387,272.5387,272.5387,273.2762,273.2762,269.9433
249.1881,250.2361,252.8537,256.4131,259.1722,261.2696,260.091,258.7874,256.1425,252.8026,248.1381,242.6803,237.4173,233.3694,230.891,230.6658,232.8138,237.3629,243.066,248.7492,253.9157,258.2744,261.7946,266.4516,266.4516,266.4516,266.6416,266.6416,266.6416,266.6416,266.6416,266.6416,266.6416,266.6416,266.6416,266.6416,266.6416,266.6416,266.6416,266.6416,266.6416,266.6416,269.2663,269.2663,271.2915,271.2915,271.2915,271.2915,271.4936,271.4936,271.4936,272.2304,272.2304,272.5359,272.5359,272.5359,273.0963,273.0963,272.9213,272.9213,273.2405,273.2405,271.6098,273.1826
241.5404,246.9129,252.5339,256.1506,258.6413,260.1292,258.8665,256.494,253.3752,249.2173,243.8196,237.6781,232.0042,227.8183,225.4394,225.6911,228.3656,233.6196,239.8096,245.9709,251.5905,256.4264,260.3698,265.966,265.966,265.966,266.6416,266.6416,266.6416,266.6416,266.6416,266.6416,266.6416,266.6416,266.6416,266.6416,266.6416,266.6416,266.6416,266.6416,266.6416,266.6416,269.2663,269.2663,271.2915,271.2915,271.2915,271.3003,271.4936,271.4936,271.4936,271.777,271.777,272.5597,272.5597,272.5359,273.0963,273.0963,274.6067,274.6067,273.2405,273.2405,271.6098,273.1826
236.1815,244.2821,250.8043,255.2066,258.1303,258.5627,256.5226,253.5683,249.6484,244.6776,238.8576,232.1206,226.1939,221.9426,219.7888,220.6083,223.9541,229.8218,236.4207,243.035,249.1689,254.4721,258.909,265.966,265.966,265.966,266.6416,266.6416,266.6416,266.6416,266.6416,266.6416,266.6416,266.6416,266.6416,266.6416,266.6416,266.6416,266.6416,266.6416,266.6416,266.6416,269.2663,269.2663,271.2915,271.2915,271.2915,271.3003,271.4936,271.4936,271.4936,270.8972,270.8972,272.5597,272.5597,272.5359,273.0963,273.0963,275.0354,275.0354,273.2405,273.2405,271.6098,273.1826
225.1457,237.4259,246.2409,252.2002,255.0691,254.9639,252.8827,249.5339,245.0473,239.6468,233.1942,226.1838,219.7043,215.7673,214.0491,215.6137,219.7617,226.0471,233.0798,240.1175,246.7381,252.508,257.4518,264.0215,264.0215,266.1339,266.6416,266.6416,266.6416,266.6416,266.6416,266.6416,266.6416,266.6416,266.6416,266.6416,266.6416,266.6416,266.6416,266.6416,266.6416,266.6416,266.6416,266.6416,271.2915,271.2915,271.2915,271.2915,271.6237,272.1689,272.1689,272.3307,272.3307,272.5347,272.5347,272.7878,272.6271,272.6271,273.8715,274.8387,274.8387,273.7802,273.7802,270.5447
211.1117,226.6567,238.8481,246.1616,249.5483,249.9597,247.9686,244.4774,239.9041,234.0352,227.2437,219.505,213.0061,209.0812,208.262,210.5286,215.6355,222.6183,229.9712,237.4937,244.3552,250.797,256.045,264.0215,264.0215,266.1339,266.6416,266.6416,266.6416,266.6416,266.6416,266.6416,266.6416,266.6416,266.6416,266.6416,266.6416,266.6416,266.6416,266.6416,266.6416,266.6416,266.6416,266.6416,266.6416,266.6416,266.6416,271.3738,270.3128,272.1689,272.1679,273.4406,273.4406,272.5347,272.5347,272.7878,274.239,274.239,273.8715,275.5837,275.5837,271.9492,271.9492,272.7648
199.7869,215.7122,230.039,238.3533,242.0133,243.1997,241.9639,238.6876,234.0465,228.0824,220.595,212.6346,205.2489,201.364,201.6345,205.4443,211.761,219.1808,227.311,234.9308,242.4419,249.0114,254.6525,264.865,264.865,264.865,266.6416,266.6416,266.7726,266.7993,266.7993,266.6416,266.6416,266.6416,266.6416,266.6416,266.6416,266.6416,266.6416,266.6416,266.6416,266.6416,266.6416,266.6416,266.6416,266.6416,266.6416,271.7705,270.4,272.8956,270.7206,270.3376,270.3376,272.4941,273.8162,272.4943,272.2941,272.2941,274.5059,275.5837,275.5837,275.5837,275.5837,271.9402
191.3105,205.3558,219.4973,228.8661,233.5128,235.4143,235.2287,232.4821,228.0524,221.9291,214.0226,205.3378,197.3671,193.1428,194.746,200.1904,207.5748,215.9511,224.6558,232.8212,240.5199,247.4742,253.3674,263.6628,263.6628,263.6628,266.6416,266.6416,266.7949,267.3514,267.3514,266.6416,266.6416,266.6416,266.6416,266.6416,266.6416,266.6416,266.6416,266.6416,266.6416,266.6416,266.6416,271.6852,266.6416,266.6416,266.6416,269.0488,269.0488,269.0488,272.911,270.3376,270.3376,272.4941,273.8162,272.4943,272.2941,272.2941,274.5059,275.5837,275.5837,275.5837,275.5837,272.7986
186.507,198.6002,211.202,220.5195,225.5321,227.9211,228.2628,226.2313,222.137,216.1427,207.7525,198.2221,189.3746,185.1759,188.6864,195.6347,203.8069,212.9149,222.2201,230.8628,238.8978,245.9805,252.0655,263.6628,263.6628,263.6628,265.7982,265.7982,266.7949,267.3514,267.3514,266.8772,266.8772,266.8772,267.5998,267.5998,267.5998,267.7068,267.7068,266.6416,266.6416,267.6213,267.6213,267.6213,267.6213,266.6416,266.6416,269.0488,269.0488,269.0488,272.911,271.0156,271.0156,272.122,272.122,271.9587,271.5766,271.5766,273.5633,273.9477,275.5837,275.5837,275.5837,272.7986
183.9671,193.9179,204.871,213.8858,219.3197,221.5135,221.7742,220.1131,216.5105,210.792,202.1423,192.1957,182.5198,177.1889,182.5281,191.3275,200.6832,210.567,220.2375,229.2345,237.4924,244.7894,251.0887,262.3175,262.3175,264.9456,264.9843,264.9843,267.21,268.5339,268.5339,268.3654,268.3654,268.3654,267.5998,267.5998,267.5998,268.3784,268.3784,268.6009,268.6009,267.6213,267.6213,267.6213,267.6213,268.7416,272.1641,271.9413,272.1843,273.9247,272.1725,270.8354,270.8354,272.0547,272.0848,272.2028,271.6222,271.6222,273.3226,273.9477,273.9477,273.9477,273.4815,273.4815
180.6459,190.0065,200.3631,209.8825,215.1996,216.6411,215.7371,214.3425,211.3586,206.0927,197.2569,187.1539,177.54,170.5999,175.9008,187.1381,198.1458,209.0479,219.4191,228.5387,236.7933,244.1283,250.381,255.4568,255.4568,264.7802,264.5761,264.5761,267.21,268.5339,268.5339,268.3654,268.3654,268.3654,267.5998,267.5998,267.5998,268.3784,268.3784,268.6009,268.6009,267.6213,267.6213,267.6213,267.6213,268.7416,272.1641,271.9413,272.1843,273.9247,272.1725,270.8354,270.8354,272.0547,272.0848,272.2028,271.6222,271.6222,273.3226,273.9477,273.9477,273.9477,273.4815,273.4815
178.7627,187.0502,197.6633,208.8259,213.2253,212.2118,210.6344,208.966,206.7416,201.9917,193.3696,183.4583,174.2709,167.5686,169.7572,184.364,197.36,208.6511,219.6599,229.2462,237.4453,244.5344,250.5078,255.3116,255.3116,262.299,264.9069,264.9069,268.5448,268.6009,268.6009,268.6009,268.6009,268.6009,268.6009,268.6009,268.6009,268.6009,268.6009,268.6009,268.6009,268.6009,268.6009,271.0406,271.271,269.5824,271.456,270.297,273.216,272.0161,272.6395,272.3585,272.3585,273.5455,272.2456,271.0761,272.2361,272.2361,272.7918,274.5618,274.7343,272.9917,273.0392,273.0214
177.7379,185.0119,196.3095,209.6416,214.3153,209.6921,206.5042,204.3166,202.4495,198.4836,190.6563,181.6413,173.4465,167.7758,167.8389,182.1795,197.684,210.1772,221.5486,231.4089,239.2546,245.9391,251.5777,255.3116,255.3116,262.299,264.9069,264.9069,268.5448,268.6009,268.6009,268.6009,268.6009,268.6009,268.6009,268.6009,268.6009,268.6009,268.6009,268.6009,268.6009,268.6009,268.6009,271.0406,271.271,269.5824,271.456,270.297,273.216,272.0161,272.6395,272.3585,272.3585,273.5455,272.2456,271.0761,272.2361,272.2361,272.7918,274.5618,274.7343,272.9917,273.0392,273.0214
177.074,182.2793,196.1871,211.7431,217.9465,211.4706,204.8103,200.375,198.1888,194.8827,188.8704,181.7742,175.3342,172.2466,174.3074,185.3165,199.6506,214.1545,225.0719,235.1109,242.8069,249.0105,253.99,258.26,261.7871,264.6851,266.9875,268.4678,268.6009,268.6009,268.6009,268.6009,268.6009,268.6009,268.4007,268.4007,268.4007,268.4007,268.6009,268.6009,268.6009,268.6009,268.6009,269.411,269.8508,269.441,269.5735,270.2128,271.739,271.8385,272.1193,274.5012,274.5012,275.0613,274.5446,272.5152,271.9688,272.5139,272.5237,274.3655,273.0705,274.2222,274.1482,274.5675
175.0983,179.9257,191.5543,211.2866,218.6556,211.5431,205.2899,197.4895,193.3664,190.0516,187.0081,183.0519,180.682,183.7506,190.929,199.8661,209.3692,219.8242,230.9201,240.7772,247.3576,252.8511,257.559,261.2243,264.1868,266.5609,268.2947,268.6009,268.6009,268.6009,268.6009,268.6009,268.6009,268.6009,268.6009,268.6009,268.6009,268.6009,268.6009,268.6009,268.6009,268.6009,268.7209,271.494,269.9086,271.621,271.7219,271.7073,269.9599,269.56,271.8981,274.4111,274.4111,275.9151,274.5226,272.6809,274.173,272.6981,274.3665,272.6634,274.0149,271.8291,271.5832,274.5747
176.2079,177.9168,187.1456,203.6618,212.2526,211.0834,204.0187,195.5939,189.4644,184.994,184.0945,186.2101,195.1271,205.9439,218.6771,230.4535,237.8772,236.0186,243.3996,251.048,255.8011,258.5445,261.7514,264.1591,266.4249,268.1941,268.6007,268.6009,268.6009,268.6009,268.6009,268.6009,268.6009,268.6009,268.6009,268.6009,268.6009,268.6009,268.6009,268.6009,268.6009,268.6009,272.4654,271.9724,271.9604,272.2636,272.1016,270.658,272.1858,271.8847,271.734,274.296,274.296,273.0095,272.9639,272.3337,272.5139,272.5713,274.6119,272.7241,271.9748,272.3299,271.8779,270.6371
172.9747,177.1392,183.8232,198.6302,210.7053,215.1232,204.7351,194.9641,188.4062,186.7027,189.0529,200.5098,213.831,232.8073,243.2727,249.3687,250.7003,254.8466,254.7462,257.9363,262.3806,263.7883,265.249,266.6868,268.1423,268.6008,268.6009,268.6009,268.6009,268.6009,268.6009,268.6009,268.6009,268.6009,268.6009,268.6009,268.6009,268.6009,268.6009,268.6009,268.6009,270.7586,269.9769,272.6447,272.1998,273.5332,270.811,272.2407,273.9872,274.8614,272.7578,272.7509,272.7509,274.1441,272.6207,272.6287,271.7935,274.1939,274.7466,274.541,274.4541,274.3532,272.5571,269.4814
174.2194,175.5318,182.9773,196.3329,211.7745,218.5989,212.6657,200.3596,195.9792,201.8425,210.8111,217.9119,235.4877,246.8302,255.7257,258.6599,258.5414,259.9538,261.7597,262.0761,264.1598,266.3291,267.6561,267.9679,268.0421,268.1321,267.9437,267.7397,267.756,268.0131,268.5573,268.6009,268.6009,268.6009,268.6009,268.6009,268.6009,268.6009,268.6009,268.6009,268.6009,269.417,269.7856,269.9749,270.65,273.7101,272.2813,272.0468,272.728,273.0132,274.6585,274.6465,274.6465,271.7646,272.5304,272.7966,274.2556,274.5411,272.9323,273.2069,275.6925,273.0615,273.0169,270.2404
176.4987,175.5751,181.5703,196.474,214.4713,225.4041,220.0749,214.6829,215.9165,217.0595,227.429,239.6674,249.3154,256.4949,260.3461,262.1917,263.2521,263.0261,263.1375,265.5779,265.6138,265.5158,266.087,266.2722,266.3685,266.5895,266.3046,266.1865,265.9232,266.5512,267.3593,268.5903,268.5903,268.5903,268.6009,268.6009,268.6009,268.6009,268.6009,269.171,269.171,271.394,271.4769,269.9016,270.7078,270.1919,271.8578,272.2666,270.9777,272.6081,274.5785,272.8018,272.8018,274.1892,273.2203,274.7591,274.9088,273.2195,275.036,272.9966,274.4902,273.0811,274.0997,272.0081
176.8328,176.8938,181.787,197.0953,219.83,233.0626,228.6028,229.0907,233.8233,238.8035,235.6068,249.0594,254.814,258.8635,261.5195,262.9434,263.1516,263.4672,265.0929,264.2575,266.6468,263.682,265.4294,264.2823,264.7705,264.8266,264.6691,266.0771,266.3197,265.407,267.9486,266.6773,266.6773,266.6773,267.6787,269.1584,271.1718,271.1718,269.2375,271.0627,271.0627,271.1918,270.0011,269.848,269.7979,269.6151,271.5535,270.1751,272.0148,272.2072,274.4671,274.4412,274.4412,274.6287,274.6132,276.2319,275.9107,273.1582,272.2448,272.7533,272.5443,273.1693,275.6201,274.0099
176.8183,175.5131,181.0791,194.5581,218.69,235.8578,242.8158,241.2152,248.8906,252.1147,251.5573,243.7222,252.3784,256.946,261.7855,260.9883,261.4108,262.4201,265.0506,265.6458,266.6285,264.1367,265.6779,264.5462,264.0876,264.1411,264.1818,267.1699,267.9465,268.0009,266.4114,269.5409,269.5409,269.5409,270.547,269.3701,269.5879,269.5879,271.1652,271.4211,271.4211,272.3263,271.422,269.6581,271.6589,271.7495,270.1143,269.8432,271.9163,272.2244,274.2561,272.5547,272.5547,275.052,272.9415,274.4539,274.4544,272.8551,272.9353,272.4719,272.4743,273.1934,275.7169,273.9174
176.9249,176.886,179.6465,191.2326,212.3483,232.1364,246.2062,253.756,257.5822,259.5146,257.5106,254.4577,247.286,255.4506,258.711,260.9883,261.4108,262.4201,265.0506,265.6458,266.6285,264.1367,265.6779,264.5462,264.0876,264.1411,264.1818,267.1699,267.9465,268.0009,266.4114,269.5409,269.5409,269.5409,270.547,269.3701,269.5879,269.5879,271.1652,271.4211,271.4211,272.3263,271.422,269.6581,271.6589,271.7495,270.1143,269.8432,271.9163,272.2244,274.2561,272.5547,272.5547,275.052,272.9415,274.4539,274.4544,272.8551,272.9353,272.4719,272.4743,273.1934,275.7169,273.9174
177,176.9119,178.586,186.7284,205.8361,226.69,246.1713,254.966,260.0374,261.9992,262.0376,258.4701,255.1635,249.6628,257.8195,260.2661,260.3996,264.2405,265.4525,265.5874,266.1362,266.1977,265.8074,264.422,266.1363,264.9546,264.4313,266.4077,268.2539,268.9319,268.4323,266.3811,266.3811,266.3811,270.4049,269.6151,271.5192,271.5192,271.3409,269.6675,269.6675,269.6825,271.6777,272.2039,272.5635,272.0677,271.671,272.5271,271.7191,273.3184,272.7638,274.3992,274.3992,271.0352,272.2147,271.1239,272.7046,274.9073,272.5197,272.4409,271.9137,272.8137,275.0179,272.2896
176.9017,176.6779,176.4546,185.5102,201.7544,223.9066,245.7544,254.99,258.866,261.3471,262.691,262.6671,258.7215,257.7615,255.2016,258.071,262.9694,264.6683,265.8416,264.0582,267.0044,265.8462,264.2045,266.0012,267.3149,264.9944,264.2169,266.2001,269.0609,268.024,267.9501,265.7772,265.7772,265.7772,270.1743,271.1328,271.1982,271.1982,272.1631,270.022,270.022,269.6857,271.6242,272.1123,272.5635,271.7688,269.599,269.4173,269.3423,270.5582,272.3405,274.371,274.371,272.3975,272.4717,272.3064,272.3181,272.5432,272.6692,274.2905,272.6239,272.4619,272.6308,273.9991
176.7985,174.9556,177.474,183.9601,201.8488,224.4976,246.769,256.6876,257.4001,259.7869,262.4539,261.0814,261.1651,259.9736,260.7548,262.0992,262.2222,263.8632,265.51,265.1804,263.8324,265.9455,266.0841,265.4245,265.5339,266.8588,266.3584,266.6579,266.6818,265.7634,265.3932,266.6004,266.6004,266.6004,268.4008,271.4538,268.9489,268.9489,269.9599,271.6275,271.6275,270.0118,270.2695,271.5061,272.5917,271.1269,270.2508,267.8788,270.7313,271.4975,271.7248,272.7474,272.7474,273.7685,271.8353,273.7742,272.8445,272.5083,272.3224,273.9761,274.3713,273.0999,272.6869,273.4076
